{
"type": "FeatureCollection",
"features": [
{ "type": "Feature", "properties": { }, "geometry": { "type": "Polygon", "coordinates": [ [ [ 2.374159687997585, 48.807618426054539 ], [ 2.374158285016048, 48.807621116300403 ], [ 2.374155801097198, 48.807623441036263 ], [ 2.3740603098103, 48.807751553624037 ], [ 2.374044220000642, 48.807778379554811 ], [ 2.374013466757062, 48.807844773259063 ], [ 2.374012979477591, 48.807847060096975 ], [ 2.374011526495964, 48.807849160614069 ], [ 2.373992261005899, 48.807894874280606 ], [ 2.373953824914658, 48.807955555177315 ], [ 2.373839638452487, 48.80809672839851 ], [ 2.373838845863108, 48.808098239083215 ], [ 2.373837419459271, 48.808099530819817 ], [ 2.373654925015507, 48.808335024632648 ], [ 2.373374798240408, 48.808676483122781 ], [ 2.373288974306181, 48.808754527477753 ], [ 2.373272984194402, 48.808770857022751 ], [ 2.373154233414443, 48.808907840714454 ], [ 2.373152528895772, 48.808910805291667 ], [ 2.373149653283114, 48.808913344728424 ], [ 2.372834440004461, 48.809308321332878 ], [ 2.372833840465268, 48.809309484924924 ], [ 2.372832746110887, 48.809310479056379 ], [ 2.372745845329828, 48.809423029525632 ], [ 2.372462828719738, 48.809786042680628 ], [ 2.371702522483526, 48.810751251805435 ], [ 2.371702184590005, 48.81075168216767 ], [ 2.371445276594998, 48.81107997559527 ], [ 2.371158000223217, 48.811442286496494 ], [ 2.371157338368441, 48.811443126590021 ], [ 2.370955479370839, 48.811701000731802 ], [ 2.370075165911064, 48.812822580868207 ], [ 2.370061562431828, 48.812818388151953 ], [ 2.370052848256881, 48.812815824135356 ], [ 2.368899247161323, 48.812492257336601 ], [ 2.368899105170186, 48.81249223393641 ], [ 2.368898980995008, 48.812492182789519 ], [ 2.366348869247648, 48.811778972308261 ], [ 2.366348277260871, 48.811778875174582 ], [ 2.366347758271458, 48.811778663489498 ], [ 2.365491895957838, 48.811542225835694 ], [ 2.365187549219896, 48.811457150758976 ], [ 2.365011660873805, 48.811396682845341 ], [ 2.364871206265019, 48.811336960867052 ], [ 2.364767521874926, 48.811286241577832 ], [ 2.364678461412369, 48.811230065615689 ], [ 2.36456954468185, 48.811144482973383 ], [ 2.364492848049955, 48.811083960110203 ], [ 2.364489213453956, 48.811081151103906 ], [ 2.364425796718222, 48.811033146488882 ], [ 2.364360424442798, 48.810997052032214 ], [ 2.36428136410435, 48.810976066356993 ], [ 2.364196354620131, 48.810972243669333 ], [ 2.364113717229056, 48.810985958157033 ], [ 2.364041540982069, 48.811015867362755 ], [ 2.363986890957237, 48.811059043588436 ], [ 2.363955116694371, 48.811111260469858 ], [ 2.363949328539227, 48.81116740667278 ], [ 2.363970093158456, 48.811221986219223 ], [ 2.364015378039116, 48.811269656470621 ], [ 2.364076955546448, 48.811316269113171 ], [ 2.364152039929739, 48.811375520078307 ], [ 2.364152407080677, 48.811375809189158 ], [ 2.36427110391675, 48.81146907721665 ], [ 2.364291486303071, 48.811483421181379 ], [ 2.364403649328364, 48.811554169667446 ], [ 2.364429652134304, 48.81156863344998 ], [ 2.364554191066711, 48.811629554331731 ], [ 2.364568859348406, 48.811636249883712 ], [ 2.364727363614069, 48.811703646803522 ], [ 2.364749041378489, 48.811711958217771 ], [ 2.364945672867015, 48.811779557423861 ], [ 2.364965267341623, 48.811785652444541 ], [ 2.365280124044651, 48.811873665498808 ], [ 2.365280686732708, 48.81187375774374 ], [ 2.365281180006881, 48.811873958945803 ], [ 2.36613701925382, 48.812110390426255 ], [ 2.368686456205483, 48.812823412778549 ], [ 2.369824906084139, 48.813142730270407 ], [ 2.369629794027484, 48.813388536490187 ], [ 2.369629736245638, 48.813388649459618 ], [ 2.369629628623545, 48.813388745200598 ], [ 2.369146822284985, 48.81399892503287 ], [ 2.369058262201596, 48.814105745954009 ], [ 2.369054099724651, 48.81411096830972 ], [ 2.368584141559952, 48.814724808075766 ], [ 2.368465377082242, 48.81487684266822 ], [ 2.368069733696362, 48.815362650375484 ], [ 2.368067656461716, 48.815365251725183 ], [ 2.367965294504332, 48.815496020553297 ], [ 2.367957345575735, 48.815507082984816 ], [ 2.367885334227599, 48.815616793652232 ], [ 2.367778011402943, 48.815768451925798 ], [ 2.367675983891064, 48.815893514122074 ], [ 2.364824900054607, 48.814954786168848 ], [ 2.364823971548388, 48.814954481894176 ], [ 2.364655771619911, 48.814899625197768 ], [ 2.36457440594381, 48.81488290697623 ], [ 2.364489199958516, 48.81488361208762 ], [ 2.364408494137094, 48.814901671511365 ], [ 2.36434018846217, 48.814935317481051 ], [ 2.36429096914561, 48.814981256519594 ], [ 2.364265654144492, 48.815034991818358 ], [ 2.364266721535415, 48.8150912634066 ], [ 2.364294066917161, 48.815144563028575 ], [ 2.364345013598722, 48.815189673330131 ], [ 2.364414574587453, 48.815222178575738 ], [ 2.364582310609458, 48.81527688404114 ], [ 2.36741923426727, 48.816210951116382 ], [ 2.367074516455311, 48.81664064514969 ], [ 2.366720875579328, 48.81705523362281 ], [ 2.3666509357994, 48.817108488566795 ], [ 2.366605860266827, 48.817156247135848 ], [ 2.366585338600973, 48.817210866847638 ], [ 2.366591379678383, 48.81726700115636 ], [ 2.366623392237957, 48.817319155241094 ], [ 2.366678242726517, 48.817362223878561 ], [ 2.366750562010212, 48.817391991184884 ], [ 2.366833270937353, 48.817405543305377 ], [ 2.366860510387876, 48.81740426480691 ], [ 2.366909721232108, 48.817437138520937 ], [ 2.366985426501013, 48.817462974887455 ], [ 2.367069516274858, 48.817472097503256 ], [ 2.367153759182551, 48.817463613374855 ], [ 2.367229908862603, 48.817438352995552 ], [ 2.367290511204527, 48.817398789048141 ], [ 2.367355225826232, 48.817340671691007 ], [ 2.367376078402293, 48.817318813123428 ], [ 2.367498620430969, 48.817167205174066 ], [ 2.367716492737105, 48.816902776454128 ], [ 2.367717025460163, 48.816902126716222 ], [ 2.367909183311574, 48.816666605318801 ], [ 2.36790966936089, 48.816666006878791 ], [ 2.368215224877422, 48.81628808263325 ], [ 2.368215368798819, 48.816287808147401 ], [ 2.368215632994005, 48.81628757590866 ], [ 2.368394406864038, 48.816064749331098 ], [ 2.368491048386531, 48.816100795398754 ], [ 2.368491302798354, 48.816100890172187 ], [ 2.369054448070692, 48.816310407932249 ], [ 2.369989016296074, 48.816663978881877 ], [ 2.369989074128089, 48.81666399339499 ], [ 2.369989122355915, 48.816664018985456 ], [ 2.370428368865953, 48.816830020072317 ], [ 2.370429170572776, 48.816830220987072 ], [ 2.370429842356199, 48.816830572921162 ], [ 2.370505321050641, 48.81685868748211 ], [ 2.370864148347148, 48.816993519762605 ], [ 2.370864308546441, 48.816993559611149 ], [ 2.37086444239128, 48.816993630091815 ], [ 2.371207883526151, 48.817122306695509 ], [ 2.371436063646739, 48.817211674086131 ], [ 2.371438786421621, 48.817212388563021 ], [ 2.371441080901402, 48.817213591734884 ], [ 2.372987099324865, 48.817790063736773 ], [ 2.373055281922038, 48.817818073311017 ], [ 2.373259050024871, 48.817901918582088 ], [ 2.373340390436215, 48.817949770856302 ], [ 2.37335641977824, 48.817958500021987 ], [ 2.373415983789402, 48.817988491722474 ], [ 2.373430271402439, 48.817995216541917 ], [ 2.373500719366998, 48.818026164612832 ], [ 2.373517418555444, 48.818032941278929 ], [ 2.373566228515246, 48.818051184612727 ], [ 2.373570175122965, 48.818052159522637 ], [ 2.373573551174796, 48.818053824592234 ], [ 2.373697253200465, 48.818096811107651 ], [ 2.374084109733719, 48.818237891504729 ], [ 2.374122775625551, 48.818262351568229 ], [ 2.374121672348755, 48.818263701774605 ], [ 2.37405338504935, 48.818341830964577 ], [ 2.373953089762437, 48.818455853967677 ], [ 2.373838816738147, 48.818584409956337 ], [ 2.373838064083644, 48.818585262025699 ], [ 2.373741406113694, 48.818695379519454 ], [ 2.373740347706643, 48.818696596219006 ], [ 2.373714748979596, 48.818726290964698 ], [ 2.373660173181931, 48.818788215624942 ], [ 2.373626004003041, 48.818852976470041 ], [ 2.37362020336275, 48.8188794941073 ], [ 2.373290872146046, 48.819270510896295 ], [ 2.373261610186362, 48.819323365130344 ], [ 2.373258513655334, 48.819379603757092 ], [ 2.373281885745255, 48.819433721749796 ], [ 2.373329438703196, 48.819480421648578 ], [ 2.37339651774543, 48.819515132117921 ], [ 2.373476556688213, 48.819534455430002 ], [ 2.373561720699126, 48.819536500067677 ], [ 2.373643673249147, 48.819521065885674 ], [ 2.373714392181606, 48.819489663702946 ], [ 2.37376695500355, 48.819445367407994 ], [ 2.374097715331942, 48.8190526496155 ], [ 2.374125320809028, 48.819036658929754 ], [ 2.374172099927624, 48.819001448980558 ], [ 2.374238257068, 48.818936140525317 ], [ 2.374240632738253, 48.818932742251413 ], [ 2.374244307593756, 48.818929892631125 ], [ 2.37426086573558, 48.818911991694833 ], [ 2.374266324766365, 48.81890581736134 ], [ 2.374306040246152, 48.818858774878088 ], [ 2.374361118242321, 48.818794338237808 ], [ 2.374395770950818, 48.818755446821754 ], [ 2.374397347928925, 48.818753653370976 ], [ 2.374446225149981, 48.818697321310346 ], [ 2.374475737734342, 48.818664264933858 ], [ 2.374478352319631, 48.818661271016559 ], [ 2.374520580387545, 48.81861182463043 ], [ 2.374555443098526, 48.818571835721926 ], [ 2.374602929148317, 48.818518171776432 ], [ 2.374634259715507, 48.818483225286307 ], [ 2.374643565525867, 48.818473735190125 ], [ 2.374665092118581, 48.818473501097749 ], [ 2.374666844464997, 48.818473510262237 ], [ 2.37468849602719, 48.818475532036885 ], [ 2.374715803935898, 48.818478254115931 ], [ 2.37474437035624, 48.818481101637673 ], [ 2.374782458921422, 48.818484898322673 ], [ 2.374827007771535, 48.818486894701202 ], [ 2.374888301646363, 48.81848631578017 ], [ 2.374909498256333, 48.818483893077435 ], [ 2.374931007637482, 48.818483682020648 ], [ 2.374976013249478, 48.818478521005993 ], [ 2.375026121386869, 48.818469453613979 ], [ 2.375050710066443, 48.818463286473964 ], [ 2.37510328956928, 48.818445581886955 ], [ 2.375123825024441, 48.818436695409638 ], [ 2.375152269427784, 48.818422548667527 ], [ 2.375174209815889, 48.818410072004191 ], [ 2.375216017545937, 48.818380235687449 ], [ 2.375233915472174, 48.81836414037069 ], [ 2.375246911019928, 48.818351338033175 ], [ 2.375434365882752, 48.818148376801538 ], [ 2.375635390339584, 48.817932102846008 ], [ 2.376481741583829, 48.818238476618852 ], [ 2.376547802150032, 48.818255444184942 ], [ 2.376599455330663, 48.818263807917752 ], [ 2.376662169160507, 48.818268977080663 ], [ 2.376709833598246, 48.818269225553699 ], [ 2.376730968055267, 48.818267127829586 ], [ 2.376752339154069, 48.818267245969416 ], [ 2.376804153603537, 48.81826211975784 ], [ 2.376870998569726, 48.818249588002772 ], [ 2.376914727918193, 48.818237224570126 ], [ 2.376948443687144, 48.818225798437759 ], [ 2.37698402344966, 48.818211593754235 ], [ 2.377034179949324, 48.818185853737305 ], [ 2.377058886440305, 48.818169793620719 ], [ 2.377091167728497, 48.818144551748155 ], [ 2.377139379921064, 48.818098934532522 ], [ 2.37714567177632, 48.818092709245029 ], [ 2.377333017374565, 48.81789872204115 ], [ 2.377492769940964, 48.81773427007149 ], [ 2.377501202274483, 48.817724986297712 ], [ 2.377555075727918, 48.81766141077172 ], [ 2.377558864143825, 48.817656782531884 ], [ 2.377643681917075, 48.81754943811098 ], [ 2.377825871522653, 48.817358072689636 ], [ 2.377898610648039, 48.81728966256599 ], [ 2.378032877676621, 48.817173647862177 ], [ 2.37804911372407, 48.817157967017586 ], [ 2.378225720532538, 48.816966418094204 ], [ 2.378241096883813, 48.816947219413791 ], [ 2.378257536531686, 48.816923301309252 ], [ 2.37828384803056, 48.816927120153764 ], [ 2.378543037942471, 48.816982837578173 ], [ 2.379036554765822, 48.817095819868612 ], [ 2.379308419525812, 48.817161980876158 ], [ 2.379909706561285, 48.817313003685008 ], [ 2.380838266253616, 48.81757051418348 ], [ 2.38118950418541, 48.817673223080291 ], [ 2.38121743175493, 48.817681981867807 ], [ 2.380826436610989, 48.818217342941431 ], [ 2.380825725460342, 48.818218903519657 ], [ 2.380824355422157, 48.818220259027711 ], [ 2.380353612546442, 48.818895461654328 ], [ 2.379921775138328, 48.819505210552421 ], [ 2.379918201279898, 48.819510475134258 ], [ 2.379814066795866, 48.819670709266894 ], [ 2.379543153494725, 48.820061130386769 ], [ 2.379279337785921, 48.820429302238054 ], [ 2.37927792205514, 48.820431309840806 ], [ 2.378938408370261, 48.820920607110203 ], [ 2.378934727619479, 48.820926156581663 ], [ 2.378832007014066, 48.821088410324343 ], [ 2.378811841157809, 48.821143087855091 ], [ 2.378818249705306, 48.821199204217741 ], [ 2.37885060542483, 48.821251266347879 ], [ 2.378905741171829, 48.821294178023194 ], [ 2.378978259888668, 48.821323738724288 ], [ 2.379061062901109, 48.821337054820631 ], [ 2.37914604480012, 48.821332822827905 ], [ 2.379224886883769, 48.821311457006992 ], [ 2.37928987148087, 48.821275048811508 ], [ 2.379334637432854, 48.821227162154976 ], [ 2.379435587170061, 48.821067703212655 ], [ 2.379772487553108, 48.820582165557923 ], [ 2.38003629913704, 48.82021399464513 ], [ 2.380036774865324, 48.820212921873214 ], [ 2.380037712074532, 48.820211991008065 ], [ 2.380310696984503, 48.819818579090942 ], [ 2.380313378388271, 48.819814587511559 ], [ 2.38041709265801, 48.819654997650751 ], [ 2.38084742000835, 48.819047372856971 ], [ 2.380847648256491, 48.819046849422655 ], [ 2.380848106176662, 48.819046396366268 ], [ 2.381318164077542, 48.818372167163993 ], [ 2.381694964107777, 48.81785623603281 ], [ 2.382091653847977, 48.818019700128623 ], [ 2.382092015932944, 48.818019801447036 ], [ 2.382092313619443, 48.818019971136302 ], [ 2.383773951515263, 48.818708504610527 ], [ 2.383834662366706, 48.818742968600326 ], [ 2.383874119556332, 48.818770792614437 ], [ 2.383901834806709, 48.818791709034969 ], [ 2.383918385966342, 48.818808384221562 ], [ 2.383921219755407, 48.818810444908195 ], [ 2.383923067495333, 48.818812946804833 ], [ 2.383979638604556, 48.818866301607756 ], [ 2.383986338992185, 48.818872348916727 ], [ 2.384084756066722, 48.818957397492397 ], [ 2.384122582700289, 48.818983991355886 ], [ 2.384206455167105, 48.819032090388198 ], [ 2.384217160157143, 48.819037920336164 ], [ 2.384317332683789, 48.819089700743625 ], [ 2.384325748083866, 48.819093880078391 ], [ 2.385027290263612, 48.819428461434271 ], [ 2.385030836206636, 48.819430124271065 ], [ 2.385234024967071, 48.819523805045854 ], [ 2.385234870925581, 48.819524193506467 ], [ 2.385670993794205, 48.819723650659824 ], [ 2.385737298047447, 48.819754809973411 ], [ 2.385742984909896, 48.819756677224376 ], [ 2.385747720248076, 48.819759472057896 ], [ 2.387802196053009, 48.820633410429338 ], [ 2.38780350339625, 48.820633790972437 ], [ 2.387804578487817, 48.820634412334769 ], [ 2.388078363884494, 48.820748235829576 ], [ 2.388079352688316, 48.82074864496235 ], [ 2.38820540860294, 48.820800554450599 ], [ 2.388224756876148, 48.820807814553191 ], [ 2.388345492034468, 48.82084890414761 ], [ 2.388379295149816, 48.820858558628885 ], [ 2.388489314560341, 48.820884303862201 ], [ 2.388535181430341, 48.820892150005243 ], [ 2.38863719823337, 48.820903464153297 ], [ 2.388692575983022, 48.82090582085862 ], [ 2.38870444607099, 48.82090552535989 ], [ 2.388722948743183, 48.82091253391031 ], [ 2.388934270411082, 48.821009149940146 ], [ 2.388939218320735, 48.82101135950991 ], [ 2.388991534329163, 48.821034174080367 ], [ 2.389013415087338, 48.821058435951649 ], [ 2.389085659382609, 48.821111106378339 ], [ 2.389229211422272, 48.821181091673211 ], [ 2.389237126503851, 48.821184808346771 ], [ 2.389713914312519, 48.821400344349669 ], [ 2.389992895415289, 48.821526730554652 ], [ 2.390055763568238, 48.82154789209158 ], [ 2.390185756544504, 48.82157840329787 ], [ 2.390258641183681, 48.821614147048059 ], [ 2.390379231139159, 48.821673251216254 ], [ 2.390382732129829, 48.821674938775253 ], [ 2.391341730865169, 48.822129511739391 ], [ 2.391343456925469, 48.822130323193115 ], [ 2.392184713581229, 48.822522561332313 ], [ 2.391522210007166, 48.822973591220702 ], [ 2.391519467966259, 48.822975485381328 ], [ 2.390956418657976, 48.823370142582831 ], [ 2.390954653175627, 48.823371391882034 ], [ 2.390497188639119, 48.823698200563804 ], [ 2.390016499773834, 48.824032095906489 ], [ 2.390015740769849, 48.824032625263619 ], [ 2.389392245478815, 48.824469237067397 ], [ 2.389387914424137, 48.82447234211881 ], [ 2.388846780135426, 48.824869545930937 ], [ 2.388804424540646, 48.824899585049529 ], [ 2.388766795299558, 48.824925487992665 ], [ 2.388749458322208, 48.824935631324202 ], [ 2.388723089037397, 48.824946865593965 ], [ 2.388716753648969, 48.824949648202356 ], [ 2.388671564547486, 48.824970102789372 ], [ 2.388609671606295, 48.825008791618771 ], [ 2.38856891443817, 48.825058215442994 ], [ 2.388553282683466, 48.825113536335564 ], [ 2.388564306564199, 48.825169339111447 ], [ 2.388600907065852, 48.825220161399514 ], [ 2.388659501528385, 48.825261028339902 ], [ 2.388734354322068, 48.82528793956584 ], [ 2.388818138289158, 48.825298260797226 ], [ 2.388902651994248, 48.825290981710651 ], [ 2.3889796225673, 48.825266814840496 ], [ 2.389021673532044, 48.825247780668242 ], [ 2.389062282502514, 48.825230479733378 ], [ 2.389095250554811, 48.825213964106034 ], [ 2.389136395778552, 48.825189891214116 ], [ 2.389152327866068, 48.82517977899095 ], [ 2.389199015950233, 48.825147640031552 ], [ 2.389201801366656, 48.825145693821931 ], [ 2.389247127368253, 48.825113547886119 ], [ 2.389250275327139, 48.825111276631112 ], [ 2.389790830353764, 48.824714495861215 ], [ 2.390411753468933, 48.824279683026738 ], [ 2.390893375091634, 48.823945138076311 ], [ 2.390895982258998, 48.823943301496982 ], [ 2.39135386203491, 48.823616194463852 ], [ 2.39191466319889, 48.823223111044754 ], [ 2.392584592563533, 48.822767023388799 ], [ 2.392792468423459, 48.822625672496372 ], [ 2.392902837493434, 48.82255390622354 ], [ 2.392906398380577, 48.822551547516483 ], [ 2.392979157861957, 48.822502451264604 ], [ 2.392987331778258, 48.822496687902984 ], [ 2.393049153611749, 48.822451133584565 ], [ 2.39305364800233, 48.822447737085355 ], [ 2.393125118522486, 48.822392338574225 ], [ 2.393126168649085, 48.822391203786047 ], [ 2.393127679122386, 48.822390324139299 ], [ 2.393297257445297, 48.822254917574938 ], [ 2.393498501679929, 48.822111932283072 ], [ 2.394213416536477, 48.821612370881191 ], [ 2.394299845418887, 48.821573557692254 ], [ 2.394304186859009, 48.821571567101174 ], [ 2.394431546133116, 48.821511953980206 ], [ 2.394436839306208, 48.821509412765963 ], [ 2.394524321704944, 48.821466342852652 ], [ 2.394723722491926, 48.821373557170688 ], [ 2.39482339866702, 48.821327428453593 ], [ 2.394831335185561, 48.821323612888158 ], [ 2.394925861020555, 48.821276424322861 ], [ 2.394931964110119, 48.821273286667967 ], [ 2.395027893421898, 48.821222507619389 ], [ 2.395037499684085, 48.821217178098948 ], [ 2.395128001978647, 48.821164572760544 ], [ 2.39513000118511, 48.821163399145405 ], [ 2.395222202188312, 48.821108735753953 ], [ 2.395297925017748, 48.821064774217461 ], [ 2.39530000609121, 48.821063553525498 ], [ 2.395408348315571, 48.820999346298855 ], [ 2.395409442696281, 48.820998694191942 ], [ 2.395651684986796, 48.82085356181129 ], [ 2.395743967694948, 48.820800318071107 ], [ 2.396161507439904, 48.820573955951993 ], [ 2.396164974473543, 48.820572044349341 ], [ 2.396313770334009, 48.82048861095533 ], [ 2.396767136494455, 48.820237507662661 ], [ 2.396966081805497, 48.820175771352289 ], [ 2.396979152719469, 48.820171428443849 ], [ 2.397196598323319, 48.820094279083122 ], [ 2.397199365556269, 48.820092889604183 ], [ 2.397202617578286, 48.820092078312065 ], [ 2.397437145491285, 48.820003755605264 ], [ 2.397628616610765, 48.819936510913664 ], [ 2.397785391619225, 48.819883535829931 ], [ 2.39792915603775, 48.81983621517027 ], [ 2.397938594570351, 48.819849065917012 ], [ 2.397939664853349, 48.819850506722467 ], [ 2.398422556018595, 48.820493293064814 ], [ 2.39847190585502, 48.820539173231595 ], [ 2.398540310689246, 48.820572737627828 ], [ 2.398621074555692, 48.82059070071174 ], [ 2.398706291658718, 48.820591304115787 ], [ 2.398787620272071, 48.820574488774014 ], [ 2.398857099316669, 48.820541900704043 ], [ 2.398907927672373, 48.820496729877753 ], [ 2.398935129929385, 48.820443397955209 ], [ 2.398936043406939, 48.820387125452285 ], [ 2.398910578769952, 48.820333420714213 ], [ 2.398428223082622, 48.819691355075491 ], [ 2.398420836856505, 48.81968129871175 ], [ 2.3984683667072, 48.819671313990646 ], [ 2.398607555771931, 48.81964823009961 ], [ 2.398626164440839, 48.819644674902761 ], [ 2.398759970883151, 48.819615668352391 ], [ 2.398796172159286, 48.819605867568697 ], [ 2.398906909416744, 48.819569549847799 ], [ 2.39892612278485, 48.819562598973022 ], [ 2.399042421382525, 48.819516415937301 ], [ 2.399045350963965, 48.819515235919859 ], [ 2.399288925410527, 48.819415729634088 ], [ 2.399301605872837, 48.819410220933868 ], [ 2.399377040283571, 48.819375423822393 ], [ 2.399961069954723, 48.819952531757053 ], [ 2.400018922458374, 48.819993853608182 ], [ 2.400093280465809, 48.82002134762056 ], [ 2.400176865254064, 48.820032322466531 ], [ 2.40026149488549, 48.8200257038418 ], [ 2.40033888514191, 48.820002139629494 ], [ 2.400401460472256, 48.819963936478686 ], [ 2.400443095560747, 48.819914834005836 ], [ 2.400459714917941, 48.819859638725234 ], [ 2.400449691801572, 48.81980375354545 ], [ 2.400414007424307, 48.819752648891203 ], [ 2.399819999353345, 48.819165685613129 ], [ 2.399900409059007, 48.819124363563382 ], [ 2.399906188648612, 48.819121309296996 ], [ 2.400106283434146, 48.81901258933938 ], [ 2.400117553207785, 48.819006115736983 ], [ 2.400323280723295, 48.818881234879186 ], [ 2.400338409486705, 48.818871301981098 ], [ 2.400471978952225, 48.818776452970042 ], [ 2.400571190222772, 48.818707506415493 ], [ 2.400574518069707, 48.818705151873253 ], [ 2.40076184607225, 48.818570209656009 ], [ 2.400923221527331, 48.818510692147925 ], [ 2.400926017878797, 48.818509646472791 ], [ 2.401439937968537, 48.818314815088812 ], [ 2.401681366697739, 48.818233543789674 ], [ 2.401697111383815, 48.818227803577081 ], [ 2.401870859819472, 48.818159420775501 ], [ 2.401884013391851, 48.818152185070282 ], [ 2.401898990744772, 48.818146709514963 ], [ 2.402011332107048, 48.818088811858289 ], [ 2.402019025106449, 48.818084696359591 ], [ 2.402075131868674, 48.818053548911365 ], [ 2.402232664036443, 48.817966247683771 ], [ 2.402233423973549, 48.817965824978003 ], [ 2.402378716602139, 48.817884707877788 ], [ 2.402388315189303, 48.817879087725231 ], [ 2.40251038405365, 48.81780415003049 ], [ 2.402526388032123, 48.817793468222817 ], [ 2.402656854129296, 48.817698786020422 ], [ 2.402660278897831, 48.817696252953368 ], [ 2.402720724760861, 48.817650686637442 ], [ 2.402724835486642, 48.817646379053137 ], [ 2.402730474490466, 48.81764290670499 ], [ 2.402812987551473, 48.817573167362873 ], [ 2.402822643365933, 48.817564482186114 ], [ 2.40287772402208, 48.817511693966154 ], [ 2.402879418372655, 48.817509355373794 ], [ 2.402882041855973, 48.817507426792801 ], [ 2.402990902772907, 48.817396447504962 ], [ 2.402999932795169, 48.817386560070922 ], [ 2.403143507773896, 48.817217294370373 ], [ 2.403145790907117, 48.817214546822221 ], [ 2.403222056577731, 48.817120841164254 ], [ 2.403362893921696, 48.816962638636198 ], [ 2.403363390516182, 48.816961804015676 ], [ 2.403364242974315, 48.816961106003198 ], [ 2.403429285976716, 48.81688636647236 ], [ 2.403593274917576, 48.816705403383317 ], [ 2.403832947996418, 48.81644340284339 ], [ 2.403836191595293, 48.81643813728347 ], [ 2.403841316953654, 48.816433570242665 ], [ 2.403989177535311, 48.816246337198955 ], [ 2.403995507592275, 48.816237775866618 ], [ 2.40405366896731, 48.816153524146252 ], [ 2.404063303188784, 48.816137596924307 ], [ 2.404109249368486, 48.816049686770292 ], [ 2.404114032965678, 48.816039578614955 ], [ 2.404211738122364, 48.815809539955154 ], [ 2.404240838918204, 48.815742845204582 ], [ 2.404241394577268, 48.815741553614224 ], [ 2.404332365447578, 48.815527055180752 ], [ 2.404333231519956, 48.815524964661904 ], [ 2.404403196400371, 48.815351996084431 ], [ 2.404469404525196, 48.815190275784524 ], [ 2.404670509026011, 48.814745518335648 ], [ 2.405408456263222, 48.814731562051371 ], [ 2.405766926063539, 48.814735994674336 ], [ 2.40576997444417, 48.814736021093779 ], [ 2.405925214251952, 48.814736792545666 ], [ 2.405925939141167, 48.814736720409805 ], [ 2.405926662933551, 48.814736797199231 ], [ 2.406694722220224, 48.814737912893747 ], [ 2.406701523738362, 48.814737866658696 ], [ 2.407191229731563, 48.814730497033423 ], [ 2.40811655263362, 48.814737765808125 ], [ 2.408121195059906, 48.814737317503123 ], [ 2.408125844257804, 48.814737734078321 ], [ 2.408993821572937, 48.814724986177588 ], [ 2.40921333696536, 48.814724292324541 ], [ 2.410271417021935, 48.814721422200037 ], [ 2.41035552475832, 48.814712390065772 ], [ 2.410431289683577, 48.814686635139338 ], [ 2.410491295351018, 48.814646678513526 ], [ 2.410529667988506, 48.814596431447235 ], [ 2.410542651463947, 48.814540812494272 ], [ 2.410528974942943, 48.814485266033117 ], [ 2.410489977256876, 48.814435229330172 ], [ 2.410429475818893, 48.814395600305389 ], [ 2.410353392930602, 48.814370258097881 ], [ 2.410269176066192, 48.814361683358598 ], [ 2.409211009785715, 48.814364553717503 ], [ 2.409210916321155, 48.814364563753635 ], [ 2.409210822725255, 48.814364554266518 ], [ 2.408988838166775, 48.814365255922311 ], [ 2.408984084442517, 48.814365298347177 ], [ 2.408118381899019, 48.814378012868012 ], [ 2.407192987937467, 48.814370743496532 ], [ 2.407188268368236, 48.8143711992169 ], [ 2.407183541566755, 48.814370777454855 ], [ 2.406692516508312, 48.814378166949879 ], [ 2.405928588037688, 48.814377057246936 ], [ 2.405775597918717, 48.814376296974984 ], [ 2.405412205560816, 48.814371803469079 ], [ 2.405405761508154, 48.814372396072713 ], [ 2.405399308879791, 48.814371845672355 ], [ 2.404830344168072, 48.814382606544143 ], [ 2.404931880103578, 48.814148766925456 ], [ 2.404932934755223, 48.814146270276375 ], [ 2.405016811187493, 48.813942037081773 ], [ 2.405098143981394, 48.813747611806299 ], [ 2.405242077206938, 48.813440071709088 ], [ 2.405594049881754, 48.812772075202311 ], [ 2.405595024871263, 48.812770191251936 ], [ 2.405644653329885, 48.812672532369305 ], [ 2.405902233820368, 48.812185139939544 ], [ 2.406683039451321, 48.810907235729573 ], [ 2.407021458781313, 48.810376157939174 ], [ 2.40738900020888, 48.809852040731585 ], [ 2.40738920082727, 48.809851753984844 ], [ 2.407675603129278, 48.809441445644033 ], [ 2.407938817505976, 48.809066640025279 ], [ 2.407979261522903, 48.809011609293492 ], [ 2.407984376336044, 48.809000485007381 ], [ 2.40799250750774, 48.808990173881774 ], [ 2.408014793356204, 48.808946214403164 ], [ 2.40801862305097, 48.80893801572752 ], [ 2.408038206069793, 48.808892244089733 ], [ 2.408044984154162, 48.808872012757327 ], [ 2.408056407740478, 48.808825301326848 ], [ 2.408056465420416, 48.808812876425336 ], [ 2.40805982398454, 48.808800651096966 ], [ 2.40806186947443, 48.808740402457957 ], [ 2.408061209914366, 48.808723226478847 ], [ 2.408041445499042, 48.80854505044384 ], [ 2.408040469315508, 48.80853810241527 ], [ 2.408028980584497, 48.808470591665987 ], [ 2.408028980584493, 48.808470591665987 ], [ 2.408017491883224, 48.808403080911589 ], [ 2.407994847009943, 48.808348828602881 ], [ 2.407947928594887, 48.808301853555555 ], [ 2.407881329371867, 48.808266753990637 ], [ 2.407801568518552, 48.808246965672794 ], [ 2.407716453520934, 48.808244425603348 ], [ 2.4076343159459, 48.808259382419628 ], [ 2.40756319592078, 48.808290372057563 ], [ 2.407510055136711, 48.80833436105938 ], [ 2.407480095402192, 48.808387043500403 ], [ 2.40747624944684, 48.80844326247329 ], [ 2.407487737456361, 48.808510773277305 ], [ 2.407487737456361, 48.808510773277312 ], [ 2.40749863539979, 48.808574816313786 ], [ 2.407517060559996, 48.80874093458533 ], [ 2.40751572767289, 48.808780181884281 ], [ 2.40750980443671, 48.808804401176474 ], [ 2.407496260551216, 48.808836056726889 ], [ 2.407481613874828, 48.808864947161069 ], [ 2.407447791714894, 48.808910967174342 ], [ 2.407445735277078, 48.80891382913854 ], [ 2.407181376046103, 48.809290259961656 ], [ 2.407181110855761, 48.809290638723219 ], [ 2.406894673347262, 48.809700991984094 ], [ 2.406525203357142, 48.810227852254521 ], [ 2.40652130897555, 48.810233673416739 ], [ 2.40618023340163, 48.810768911622304 ], [ 2.406178695414581, 48.81077137601801 ], [ 2.405394690592863, 48.812054495917351 ], [ 2.405390113874211, 48.812062533842365 ], [ 2.405129847253518, 48.812554999847229 ], [ 2.405129553191467, 48.812556074772601 ], [ 2.405128788127158, 48.812557043209104 ], [ 2.405079118144259, 48.812654781912677 ], [ 2.404726063519715, 48.813324819285071 ], [ 2.40472307989909, 48.813330818882648 ], [ 2.404576516088369, 48.813643973069183 ], [ 2.404574204032888, 48.813649191330597 ], [ 2.404491602939667, 48.813846643737143 ], [ 2.404491530345971, 48.813847068181573 ], [ 2.404491265473138, 48.81384745786211 ], [ 2.404407733564444, 48.814050847197478 ], [ 2.404263069252594, 48.814384004102237 ], [ 2.402570302109341, 48.814372392559179 ], [ 2.402531386213707, 48.814335580371861 ], [ 2.402506173790761, 48.814318163085034 ], [ 2.402507874665904, 48.814312798156116 ], [ 2.402508160415946, 48.814311885045953 ], [ 2.402721562163577, 48.813620922781546 ], [ 2.403341571694029, 48.811669256505134 ], [ 2.403341614565061, 48.811668687596629 ], [ 2.403341916468912, 48.811668154023792 ], [ 2.403607804751971, 48.810804274244468 ], [ 2.403607806774207, 48.810804243536388 ], [ 2.403607823050224, 48.810804214740365 ], [ 2.40375337354539, 48.810330484596889 ], [ 2.404020197794452, 48.809482652368509 ], [ 2.404193763887926, 48.808941525608923 ], [ 2.404194435007807, 48.808939368172531 ], [ 2.404293506767145, 48.808610687012909 ], [ 2.404294633750749, 48.808606715681421 ], [ 2.404323002508858, 48.80850015155832 ], [ 2.40441752695667, 48.80815246781664 ], [ 2.404597647820458, 48.807575774221597 ], [ 2.404731765785034, 48.807152171169733 ], [ 2.404731798363329, 48.807151733050844 ], [ 2.40473203132173, 48.807151322278344 ], [ 2.404761673244577, 48.807055394249801 ], [ 2.405240662734408, 48.805519326001104 ], [ 2.405299867042746, 48.805332036220825 ], [ 2.405321001382149, 48.805265734540086 ], [ 2.405321262769781, 48.805264904835866 ], [ 2.405346702931483, 48.805183187116803 ], [ 2.405348990496211, 48.805174847856314 ], [ 2.405361484520777, 48.805122268597991 ], [ 2.405376902080555, 48.805080881367239 ], [ 2.405403654545515, 48.805029168786916 ], [ 2.405406512723866, 48.805023319116913 ], [ 2.405435832087636, 48.804959608415096 ], [ 2.40543988770448, 48.804949809230934 ], [ 2.405456748496989, 48.804904024310844 ], [ 2.405457806177681, 48.804901041860703 ], [ 2.405471892693214, 48.804859740077887 ], [ 2.405473665971307, 48.804854124626303 ], [ 2.405483585972773, 48.80481999722177 ], [ 2.405487587428576, 48.804800556743338 ], [ 2.405492092193896, 48.804763704240209 ], [ 2.405492634465735, 48.804758227699658 ], [ 2.405495839237373, 48.804715972401496 ], [ 2.405496070824566, 48.804712072744941 ], [ 2.405497924351488, 48.804668911336698 ], [ 2.405497521924722, 48.804652786741826 ], [ 2.405495096218754, 48.80462669242322 ], [ 2.405490294976028, 48.80460235769506 ], [ 2.405483733559001, 48.804580739747017 ], [ 2.405479302599391, 48.804572842963999 ], [ 2.405477600661869, 48.804564496587439 ], [ 2.405461662619355, 48.80452934117946 ], [ 2.405446494101109, 48.804503384297703 ], [ 2.405421367307999, 48.804468653647412 ], [ 2.405389541743474, 48.804423997724314 ], [ 2.405386535955351, 48.80442107720566 ], [ 2.405384845024046, 48.804417726978095 ], [ 2.405249293919274, 48.804245269450085 ], [ 2.40524584028958, 48.804241016020441 ], [ 2.405204198517464, 48.804191342459525 ], [ 2.405151775749371, 48.804146981173801 ], [ 2.405081166150337, 48.804115491810222 ], [ 2.404999281449068, 48.804099956743045 ], [ 2.404914137020775, 48.804101896639104 ], [ 2.404834067313101, 48.804121121609633 ], [ 2.404766910043716, 48.804155749797246 ], [ 2.404719239014049, 48.804202391578876 ], [ 2.404695720627442, 48.804256481356028 ], [ 2.404698657097308, 48.804312724458249 ], [ 2.404727761063755, 48.804365615417055 ], [ 2.40476763252007, 48.804413177720058 ], [ 2.404899058191126, 48.804580388535314 ], [ 2.40492896485143, 48.804622352502285 ], [ 2.404929643883211, 48.804623298145586 ], [ 2.404946003686986, 48.804645911222565 ], [ 2.404952242295114, 48.804659672360955 ], [ 2.404952649926213, 48.804661015431407 ], [ 2.404953185515269, 48.804666777628995 ], [ 2.404951761895817, 48.804699920111396 ], [ 2.404948912437581, 48.80473748539579 ], [ 2.404945938810139, 48.80476180992666 ], [ 2.40493964189997, 48.804783472181896 ], [ 2.404927019068901, 48.804820481325748 ], [ 2.404912524228946, 48.804859840501884 ], [ 2.404886795131505, 48.804915748378008 ], [ 2.404857669719712, 48.804972046788791 ], [ 2.404850927413729, 48.804987232165821 ], [ 2.404829858416857, 48.805043788701695 ], [ 2.404825264356971, 48.805058875897124 ], [ 2.404811956831984, 48.805114876236772 ], [ 2.404787937663178, 48.8051920269723 ], [ 2.404766887795077, 48.805258061540442 ], [ 2.404766876135325, 48.805258214068402 ], [ 2.404766794052955, 48.805258356842302 ], [ 2.404707465561207, 48.80544603341388 ], [ 2.404707447291106, 48.805446280644382 ], [ 2.40470731520822, 48.805446512283339 ], [ 2.404228186597094, 48.806982976387459 ], [ 2.404228175184682, 48.806983139924327 ], [ 2.404228088239474, 48.80698329323122 ], [ 2.404198527636849, 48.807078954928691 ], [ 2.40406446422761, 48.807502372023613 ], [ 2.404064445879435, 48.807502618728954 ], [ 2.404064313959128, 48.807502849851879 ], [ 2.403883403776967, 48.808082051658154 ], [ 2.403883239410803, 48.808084391054805 ], [ 2.403882074512248, 48.808086602965254 ], [ 2.403786839174181, 48.808436888323236 ], [ 2.403786828886255, 48.80843721806044 ], [ 2.403786666543862, 48.808437529949842 ], [ 2.403758741032291, 48.808542425024001 ], [ 2.403660588890307, 48.808868044204836 ], [ 2.403487255164397, 48.809408429320492 ], [ 2.403487227931654, 48.809408776958882 ], [ 2.403487041269236, 48.809409102498215 ], [ 2.403219971412006, 48.810257687628258 ], [ 2.403219940155782, 48.810258118518838 ], [ 2.403219711726971, 48.810258522660341 ], [ 2.403074037380874, 48.810732640147442 ], [ 2.40280831955874, 48.811595937450278 ], [ 2.402188309195369, 48.81354754363872 ], [ 2.40218827078055, 48.813548053243103 ], [ 2.402187999854482, 48.81354853107635 ], [ 2.401974579842205, 48.814239529638108 ], [ 2.401974527006746, 48.814239696287252 ], [ 2.401932812318909, 48.814249710382718 ], [ 2.401899512304846, 48.814259413412522 ], [ 2.401858495066865, 48.814273598308908 ], [ 2.401802326992252, 48.814299435096835 ], [ 2.401769418241509, 48.814319056815592 ], [ 2.401766905858878, 48.814321111402336 ], [ 2.401763619931014, 48.814322616403324 ], [ 2.401740193094568, 48.814342956664575 ], [ 2.401715881014382, 48.814362838665083 ], [ 2.401714452945653, 48.814365305426513 ], [ 2.401712032036943, 48.814367407367705 ], [ 2.401685787466996, 48.814399653739457 ], [ 2.401676998165891, 48.814411470748475 ], [ 2.401657603550224, 48.814440153869789 ], [ 2.401639635451699, 48.814476885074505 ], [ 2.401629742055863, 48.814508313881376 ], [ 2.40162845500722, 48.814526047825979 ], [ 2.401624048454281, 48.814543561993858 ], [ 2.40162360471592, 48.814582233135461 ], [ 2.401631235831703, 48.81462589768892 ], [ 2.401632060043452, 48.814628147314131 ], [ 2.399408620325235, 48.816524356674684 ], [ 2.399408535553059, 48.816524458701089 ], [ 2.399408407343512, 48.816524538542488 ], [ 2.398671416268378, 48.817154686335527 ], [ 2.398390987650081, 48.817393006208533 ], [ 2.398351042645507, 48.817425901239751 ], [ 2.398350808139999, 48.817426172450951 ], [ 2.39835045929629, 48.817426383324154 ], [ 2.397879153713983, 48.81781724301409 ], [ 2.397704584686223, 48.81772259069961 ], [ 2.396887469230721, 48.817277955755301 ], [ 2.396430186124897, 48.817028399488009 ], [ 2.396429301962327, 48.817027919025691 ], [ 2.395533608706617, 48.816543264432447 ], [ 2.394447141685474, 48.815952409750359 ], [ 2.394446971094963, 48.815952343465007 ], [ 2.394446839657498, 48.815952245734984 ], [ 2.394122038892891, 48.815776120543759 ], [ 2.394120971427325, 48.815775544680847 ], [ 2.393694646314634, 48.815546739717107 ], [ 2.393673243832738, 48.815536354993029 ], [ 2.393614980456, 48.815510876862852 ], [ 2.393595575987148, 48.815503138568417 ], [ 2.393510978684728, 48.815472499495023 ], [ 2.393418214135153, 48.815436492130949 ], [ 2.393382198425418, 48.815427149231311 ], [ 2.393346609355327, 48.815417118603328 ], [ 2.393246026817087, 48.815400419363726 ], [ 2.393220210484352, 48.815396999873897 ], [ 2.393155815211608, 48.815390590675584 ], [ 2.392949366882144, 48.815336530317794 ], [ 2.392681349758908, 48.815256031173021 ], [ 2.392679844608772, 48.815255582729094 ], [ 2.39236229089041, 48.815161734349083 ], [ 2.392072163401711, 48.815073421411263 ], [ 2.391829858420468, 48.814994947998812 ], [ 2.391664705628016, 48.814938060426535 ], [ 2.391491651105345, 48.814873409524253 ], [ 2.391299572856697, 48.814792980034227 ], [ 2.391299563808385, 48.814792977451233 ], [ 2.391299556411085, 48.814792973148414 ], [ 2.391206046971312, 48.814753823651984 ], [ 2.391201543258358, 48.814751978407585 ], [ 2.391124325415507, 48.814721024022965 ], [ 2.391035773138966, 48.814685494973844 ], [ 2.390946543092354, 48.814648136772703 ], [ 2.390850901638475, 48.814606469999724 ], [ 2.390768558104725, 48.81456881005866 ], [ 2.390711160464068, 48.814538002036407 ], [ 2.390670400123196, 48.814512065832474 ], [ 2.390620247645537, 48.814477664063638 ], [ 2.390564887286717, 48.814434750545885 ], [ 2.390553595806546, 48.814426526048791 ], [ 2.390490922907632, 48.814383615413703 ], [ 2.39033742154745, 48.814273556813056 ], [ 2.39007784647913, 48.814083206885208 ], [ 2.390077523495779, 48.814082970457058 ], [ 2.389836238631613, 48.813906659886257 ], [ 2.389677807794526, 48.813789831863083 ], [ 2.389661125708244, 48.813745674890299 ], [ 2.389648466004418, 48.813725986991955 ], [ 2.389638104263204, 48.81370572155587 ], [ 2.389631887930665, 48.813700205366082 ], [ 2.389627818134003, 48.813693876159903 ], [ 2.389606566100321, 48.813677735506488 ], [ 2.389587229333311, 48.813660576601976 ], [ 2.389443960748652, 48.81356810805454 ], [ 2.389435783867014, 48.813563043551525 ], [ 2.389281611546982, 48.81347141849735 ], [ 2.389272585054575, 48.81346754961919 ], [ 2.389265175864606, 48.813462395742661 ], [ 2.389193426196547, 48.813426053905992 ], [ 2.389190435952579, 48.813424560791681 ], [ 2.389109196521931, 48.81338457289003 ], [ 2.389102625285178, 48.813381437746351 ], [ 2.389020003201762, 48.813343241482229 ], [ 2.389018373329957, 48.813342716665026 ], [ 2.389017052322923, 48.813341896313425 ], [ 2.388845010507112, 48.813264569473354 ], [ 2.388840215776348, 48.81326246303734 ], [ 2.388660004225212, 48.813185094160339 ], [ 2.388580492056035, 48.813161886223739 ], [ 2.388527434538268, 48.813152719745965 ], [ 2.387895405198925, 48.812853048523337 ], [ 2.387894554084123, 48.812852646604028 ], [ 2.387349755154129, 48.812596418432427 ], [ 2.387255927019173, 48.812550289916004 ], [ 2.387255349168563, 48.812550089860451 ], [ 2.387254890999833, 48.812549783091825 ], [ 2.387032260393846, 48.81244140904132 ], [ 2.38692698568017, 48.812380870278233 ], [ 2.386913712993638, 48.812373709933851 ], [ 2.386814891327621, 48.812323737035491 ], [ 2.386796992961867, 48.812317334710386 ], [ 2.386780930570399, 48.812309077162098 ], [ 2.386756994520943, 48.812300351418138 ], [ 2.386815963152933, 48.812237810229476 ], [ 2.386998391763375, 48.812045920281079 ], [ 2.387121572780107, 48.811938063759158 ], [ 2.387387138373908, 48.811708518417923 ], [ 2.387846364176136, 48.811390682192474 ], [ 2.387847419485068, 48.811389674077198 ], [ 2.387848879519487, 48.81138891762447 ], [ 2.388812032367673, 48.810704045475532 ], [ 2.38904310952083, 48.810560681502899 ], [ 2.389307422776486, 48.810399427798238 ], [ 2.389601327377172, 48.810223413200667 ], [ 2.389608275840346, 48.810219103119408 ], [ 2.389833288150493, 48.810074551374505 ], [ 2.389841026069778, 48.810067718252974 ], [ 2.389850833685914, 48.810062163968944 ], [ 2.389942904402078, 48.809990683022264 ], [ 2.389954144710943, 48.809981345914892 ], [ 2.390069730884568, 48.809878506376677 ], [ 2.390087998084735, 48.809859972838318 ], [ 2.390176351312855, 48.809756994249966 ], [ 2.390184926048855, 48.809746157064112 ], [ 2.390251356319991, 48.809654758592643 ], [ 2.390259204041106, 48.809642882775591 ], [ 2.390317537953139, 48.809545147267364 ], [ 2.390325164062268, 48.809530566352777 ], [ 2.390368498965877, 48.809434553089602 ], [ 2.390371627989339, 48.809427027795905 ], [ 2.390409489044789, 48.809327571412737 ], [ 2.390446767205253, 48.809230502805455 ], [ 2.390479740667259, 48.809150407078398 ], [ 2.390518816018134, 48.809098632504444 ], [ 2.390613694357536, 48.809011417935317 ], [ 2.391076756046548, 48.808639712154545 ], [ 2.391077575678171, 48.808639051024493 ], [ 2.39148997756955, 48.808304780456076 ], [ 2.391495463096751, 48.808300183385285 ], [ 2.391635771246983, 48.808178580933998 ], [ 2.391637790898263, 48.808176104611249 ], [ 2.39164077770187, 48.808174099678851 ], [ 2.391712356032454, 48.808107909312604 ], [ 2.391720567124036, 48.808099866223898 ], [ 2.391789485026475, 48.808028265951641 ], [ 2.391803060649295, 48.808012449169418 ], [ 2.39184731269969, 48.807954214166962 ], [ 2.391861603466795, 48.80793172012946 ], [ 2.391895036211388, 48.807867134359533 ], [ 2.391903765415268, 48.807846231302193 ], [ 2.391933438387699, 48.807753745401904 ], [ 2.391934999709323, 48.807748495133765 ], [ 2.391960598357481, 48.807655089108245 ], [ 2.391961413667594, 48.807651956474508 ], [ 2.391977135289909, 48.807588179968761 ], [ 2.391977140711461, 48.807587352576313 ], [ 2.391977522123226, 48.807586564462596 ], [ 2.391999025446397, 48.807494036973651 ], [ 2.39200216416931, 48.807464919057814 ], [ 2.392001389713036, 48.807414549444992 ], [ 2.391998793716895, 48.807404391971254 ], [ 2.391999306664869, 48.80739409635671 ], [ 2.391982633859182, 48.807305871621068 ], [ 2.391976097067104, 48.807271306826237 ], [ 2.392005003633785, 48.807243139168534 ], [ 2.392155238547109, 48.807113781821215 ], [ 2.392734633726382, 48.806635552908254 ], [ 2.392835940940747, 48.806552770085247 ], [ 2.392840170641903, 48.806549223663467 ], [ 2.393262626772344, 48.806185715634605 ], [ 2.394007723760485, 48.80558365356562 ], [ 2.394011442903102, 48.805580580344326 ], [ 2.395009563719353, 48.804737037205065 ], [ 2.395944019382359, 48.803976787653681 ], [ 2.395950510016582, 48.803969383486248 ], [ 2.395959286158178, 48.803963090899146 ], [ 2.396105982890468, 48.803817535814147 ], [ 2.396218264812672, 48.803720202692851 ], [ 2.396262754559734, 48.803683613508042 ], [ 2.397136798294642, 48.802965974802298 ], [ 2.397370343414917, 48.802774785074845 ], [ 2.397371755197808, 48.802773163286325 ], [ 2.397373817038024, 48.802771880763984 ], [ 2.397558078057374, 48.802614516878023 ], [ 2.39756692271955, 48.802606517437653 ], [ 2.397646450721882, 48.802530266249271 ], [ 2.397726394949965, 48.802462352495183 ], [ 2.397993633257742, 48.802238034514176 ], [ 2.398501698902785, 48.80182921591372 ], [ 2.398544788462187, 48.801780668726622 ], [ 2.398563059214143, 48.80172570155522 ], [ 2.398554722764995, 48.801669694980127 ], [ 2.398520595225317, 48.801618131310072 ], [ 2.398464017292442, 48.801576057937282 ], [ 2.398390527218358, 48.801547593270811 ], [ 2.398307318683299, 48.801535523607917 ], [ 2.398222536643583, 48.801541030400372 ], [ 2.398144480075119, 48.801563574610057 ], [ 2.398080789642713, 48.801600949471705 ], [ 2.397570939469437, 48.802011201408988 ], [ 2.397567417786689, 48.802014095509271 ], [ 2.397369396011577, 48.802180312760193 ], [ 2.397247981412336, 48.802131754802375 ], [ 2.397216464830374, 48.802123262029831 ], [ 2.397185829403414, 48.802113462775125 ], [ 2.397177182271097, 48.802112676543963 ], [ 2.397169100192139, 48.802110498660994 ], [ 2.397135153310724, 48.802108855096904 ], [ 2.397101433295194, 48.802105789122415 ], [ 2.39709284159115, 48.802106806529174 ], [ 2.397084136284477, 48.802106385050458 ], [ 2.397051082028736, 48.80211175157622 ], [ 2.397017578142167, 48.802115718998678 ], [ 2.397009882873903, 48.802118440453214 ], [ 2.397001406467064, 48.802119816635845 ], [ 2.396972480387245, 48.802131667942824 ], [ 2.396942472193668, 48.802142280407445 ], [ 2.396842407168691, 48.802192386643256 ], [ 2.396109208245337, 48.802440394837397 ], [ 2.396103929571633, 48.802442938967062 ], [ 2.396097822766828, 48.802444474612763 ], [ 2.395217140822591, 48.802778192837344 ], [ 2.395214065440465, 48.802779375888846 ], [ 2.393948334231477, 48.803273616384878 ], [ 2.39356449725985, 48.803421218920469 ], [ 2.393563561342116, 48.803421481874324 ], [ 2.393522829891163, 48.803410735363165 ], [ 2.393456000094624, 48.803404883620139 ], [ 2.393420602258483, 48.80340470399851 ], [ 2.393419568097734, 48.80340480682365 ], [ 2.39341853517805, 48.80340469869202 ], [ 2.393377470326652, 48.803408992537257 ], [ 2.393336357306919, 48.803413080323665 ], [ 2.393335421862839, 48.803413389216161 ], [ 2.393334388913209, 48.803413497223431 ], [ 2.393301630296278, 48.803420526082185 ], [ 2.393236452329454, 48.803441174967176 ], [ 2.39320360998212, 48.803455398494869 ], [ 2.393139259835459, 48.80349430495226 ], [ 2.393120011079325, 48.80351039624869 ], [ 2.393070607937186, 48.803575437259205 ], [ 2.393060795165632, 48.803599670965347 ], [ 2.39305890685436, 48.803618327506946 ], [ 2.392896339100533, 48.80368406293239 ], [ 2.392257233836026, 48.80393528777585 ], [ 2.390560834972232, 48.804590033386361 ], [ 2.390559309162703, 48.804590858237844 ], [ 2.390557482595994, 48.804591348592027 ], [ 2.390192724385331, 48.804736793222069 ], [ 2.389810406351119, 48.804887813732861 ], [ 2.389364754049685, 48.805058503779009 ], [ 2.38936061428688, 48.805060121782674 ], [ 2.389284095432433, 48.805090634616001 ], [ 2.38927717890184, 48.805092451170609 ], [ 2.389249891560838, 48.805079507931715 ], [ 2.389228181306047, 48.80507310128278 ], [ 2.389195738447282, 48.805067330009209 ], [ 2.389163952218989, 48.80506013908667 ], [ 2.38913131840213, 48.805056374768071 ], [ 2.389058550720966, 48.80505451028332 ], [ 2.389019035682521, 48.805057006489335 ], [ 2.388942791923033, 48.805069329629497 ], [ 2.388903182035247, 48.805079919815107 ], [ 2.388808504673622, 48.805122364003097 ], [ 2.388786541519856, 48.805137541320754 ], [ 2.388772583752979, 48.805152709269599 ], [ 2.388745340702948, 48.805156984412356 ], [ 2.388720301723723, 48.805163789310562 ], [ 2.388694243785164, 48.805168646189721 ], [ 2.388559686705356, 48.805209635125415 ], [ 2.388200631702547, 48.805307986847893 ], [ 2.387468077656928, 48.805493097644529 ], [ 2.387457290849115, 48.805495999501673 ], [ 2.387293349834476, 48.805542826940055 ], [ 2.387275153488667, 48.805548561566553 ], [ 2.38715211032893, 48.805591101489405 ], [ 2.387127793760089, 48.805600601051474 ], [ 2.38701830206807, 48.805648606645988 ], [ 2.387006429470843, 48.805654118620993 ], [ 2.386883174404738, 48.80571464495614 ], [ 2.386859456647463, 48.805727735614212 ], [ 2.386689380910608, 48.805832991027337 ], [ 2.386676963547524, 48.805841187984804 ], [ 2.386494358341288, 48.805969762934645 ], [ 2.386493914653722, 48.80597019464534 ], [ 2.38649329350345, 48.805970517019887 ], [ 2.385947590651294, 48.806359190419776 ], [ 2.38570549332433, 48.806523709090342 ], [ 2.385704078144147, 48.806525034861629 ], [ 2.385702138552779, 48.8065260298984 ], [ 2.384752017511438, 48.807195153858345 ], [ 2.384588427301892, 48.807288821527195 ], [ 2.384456110560554, 48.807351494614792 ], [ 2.384301407809328, 48.807419315151542 ], [ 2.384047994998654, 48.807519193530268 ], [ 2.383854374106674, 48.807592179075456 ], [ 2.383653752686183, 48.807658420456022 ], [ 2.383553224764846, 48.807688563838617 ], [ 2.38345018850674, 48.807715009125239 ], [ 2.383284780071392, 48.807754248781706 ], [ 2.383181632031842, 48.807777542754827 ], [ 2.383179922225812, 48.807777933074682 ], [ 2.382684289243214, 48.807892295091598 ], [ 2.382678294072523, 48.807894423332662 ], [ 2.382671664885399, 48.807895441883851 ], [ 2.38245524906906, 48.807953471397525 ], [ 2.382352218106808, 48.807980610983996 ], [ 2.38234476495722, 48.807983538871639 ], [ 2.382336444467678, 48.807985152509907 ], [ 2.382127335330476, 48.808050626578819 ], [ 2.382114032347808, 48.80805509066434 ], [ 2.381921218940693, 48.808124246146399 ], [ 2.381910771639186, 48.808128193113987 ], [ 2.381734285976407, 48.808198332098634 ], [ 2.381724972029216, 48.808202205078061 ], [ 2.381559357183333, 48.808274198798863 ], [ 2.381550626190842, 48.808278157007244 ], [ 2.381249371278106, 48.808420500102898 ], [ 2.381241663909988, 48.808424279203635 ], [ 2.381178646867473, 48.808456330957114 ], [ 2.381167720885266, 48.808463961820209 ], [ 2.381154736846191, 48.8084700250118 ], [ 2.381018893840296, 48.808557461669608 ], [ 2.38100542026644, 48.808566778340378 ], [ 2.380938104638894, 48.80861679544887 ], [ 2.380928713858782, 48.80862416096074 ], [ 2.380858578813816, 48.808682257905666 ], [ 2.380849822524033, 48.80868992230188 ], [ 2.380794750246131, 48.808740902122061 ], [ 2.380784927963554, 48.808750650751421 ], [ 2.38072700422495, 48.808812408411995 ], [ 2.380721495822292, 48.808818550394236 ], [ 2.380682851316805, 48.808863657736104 ], [ 2.380645693855829, 48.808903119078821 ], [ 2.380556718015814, 48.808983544879162 ], [ 2.380555252300593, 48.808984882592256 ], [ 2.380496051890904, 48.809039438421514 ], [ 2.380485573939382, 48.809049839014428 ], [ 2.380426266543667, 48.80911338811962 ], [ 2.380415115659773, 48.809126540211167 ], [ 2.38032106271748, 48.809249268698331 ], [ 2.380320627835694, 48.809249838675989 ], [ 2.380236244648017, 48.809360925182965 ], [ 2.380230770396283, 48.809368575597439 ], [ 2.3802169084899, 48.809389189623445 ], [ 2.380201641986606, 48.809418453155843 ], [ 2.380190396396654, 48.809448074607054 ], [ 2.380188508673687, 48.809453387307265 ], [ 2.380166969735462, 48.80951842529813 ], [ 2.380092357627051, 48.8097100282274 ], [ 2.380091539964686, 48.809712183035977 ], [ 2.379969133862571, 48.810043421745021 ], [ 2.379968830440215, 48.810044251359173 ], [ 2.379935157235276, 48.810137286589978 ], [ 2.379887053189003, 48.81026803741333 ], [ 2.379675038469107, 48.810135801783389 ], [ 2.379669452699941, 48.810132413795401 ], [ 2.379200232568191, 48.80985566538552 ], [ 2.379197901186759, 48.809854306035959 ], [ 2.37854603621268, 48.80947857323963 ], [ 2.378539431014423, 48.809475835385555 ], [ 2.378534098398487, 48.809472077295219 ], [ 2.378401952455592, 48.809404237523658 ], [ 2.378033194014646, 48.809192502325828 ], [ 2.377860312161918, 48.809092797864139 ], [ 2.377857356652519, 48.809091117834974 ], [ 2.377547602524508, 48.808917574318592 ], [ 2.377359605656952, 48.80880943172383 ], [ 2.377355729698384, 48.808807243927184 ], [ 2.377162289084445, 48.808700108561609 ], [ 2.377149466992121, 48.808693429170383 ], [ 2.376794782712296, 48.808519797702971 ], [ 2.376785869179193, 48.808515614633485 ], [ 2.376609798166365, 48.808436449900015 ], [ 2.376603705040962, 48.80843378859209 ], [ 2.376464985276897, 48.808374950358605 ], [ 2.376005266111938, 48.808176856836404 ], [ 2.375444143099616, 48.807934820241478 ], [ 2.37499288301972, 48.807731225731445 ], [ 2.375018204899655, 48.807698426468448 ], [ 2.375018687090985, 48.807697798857795 ], [ 2.375509763590061, 48.807055503615487 ], [ 2.375511137084064, 48.807052676929395 ], [ 2.375513645248413, 48.807050213484672 ], [ 2.375625847036605, 48.806890708350302 ], [ 2.375638769558386, 48.806868646100646 ], [ 2.375730910703787, 48.806674204851632 ], [ 2.375748857940382, 48.806649145035983 ], [ 2.375964080614583, 48.806352401361224 ], [ 2.376023749380686, 48.80629120423631 ], [ 2.37603314671963, 48.806280814155734 ], [ 2.376077350357484, 48.806227980902221 ], [ 2.376093020799249, 48.806205810754768 ], [ 2.376120821471708, 48.806158288207783 ], [ 2.376127622426634, 48.806145182316776 ], [ 2.37617084098604, 48.80605010664177 ], [ 2.376238577100819, 48.805954489000676 ], [ 2.376240181880402, 48.805952181360894 ], [ 2.376437088676262, 48.805663679890479 ], [ 2.376648102066652, 48.805372393762958 ], [ 2.376752013888934, 48.80526166811142 ], [ 2.376764331250805, 48.805247069348326 ], [ 2.3768210554019, 48.805171816302753 ], [ 2.376829100260632, 48.805160113291294 ], [ 2.376874910760083, 48.805086602100893 ], [ 2.37688175240697, 48.805074384156661 ], [ 2.376910649414426, 48.805016408021572 ], [ 2.377123988310021, 48.804730711442822 ], [ 2.377580942477257, 48.804143093458421 ], [ 2.377607880957333, 48.804116011480296 ], [ 2.377695137879303, 48.804045519804205 ], [ 2.377724986094425, 48.804015827807333 ], [ 2.377872873034153, 48.803831323016723 ], [ 2.377873256197468, 48.803830583741934 ], [ 2.377873958296145, 48.803829954857591 ], [ 2.378284573549408, 48.803306846677657 ], [ 2.378285442015908, 48.803305122848371 ], [ 2.378287029832496, 48.803303639413258 ], [ 2.37838941700959, 48.803166564986334 ], [ 2.378408876068882, 48.803140465448728 ], [ 2.378426004033267, 48.803111355701937 ], [ 2.378484326290319, 48.802979260059473 ], [ 2.378835681057179, 48.802531756040267 ], [ 2.378835764062823, 48.8025315913372 ], [ 2.378835919649681, 48.802531451443087 ], [ 2.37922392406014, 48.802034944158905 ], [ 2.379419682235094, 48.801789264844146 ], [ 2.379420297667203, 48.801788487874646 ], [ 2.379443512253415, 48.801759005223147 ], [ 2.379508218886609, 48.801703898277609 ], [ 2.379525099914275, 48.80168777924785 ], [ 2.379625776982945, 48.801579475292193 ], [ 2.379658450864855, 48.801527502351384 ], [ 2.379665213336362, 48.801471403258624 ], [ 2.379645402521022, 48.801416669388104 ], [ 2.379600957712982, 48.801368658460667 ], [ 2.379536229517274, 48.801332070097281 ], [ 2.37945755396794, 48.801310485796229 ], [ 2.379372632317736, 48.801306018360876 ], [ 2.379289777208081, 48.801319105090833 ], [ 2.379217099000888, 48.801348464977508 ], [ 2.379161711907894, 48.801391224093777 ], [ 2.379068809075958, 48.801491163947567 ], [ 2.378998140223755, 48.801551348132101 ], [ 2.378971726871014, 48.801578588956389 ], [ 2.378937473319741, 48.801622090662853 ], [ 2.378741517066718, 48.801868015747843 ], [ 2.378740513562184, 48.801869287412408 ], [ 2.378352126934378, 48.802366277979637 ], [ 2.377988646788186, 48.802829219964693 ], [ 2.377968960213278, 48.802861672895389 ], [ 2.377909836053462, 48.802995581848158 ], [ 2.377900992956712, 48.803007442583912 ], [ 2.37779985273469, 48.803142845932335 ], [ 2.377391024534815, 48.803663671390041 ], [ 2.377256369931119, 48.803831665572496 ], [ 2.377177295059884, 48.803895546829658 ], [ 2.377160525510412, 48.803910632436079 ], [ 2.377117804540486, 48.803953580606006 ], [ 2.377103161789345, 48.803970167489979 ], [ 2.376638539582223, 48.804567639199803 ], [ 2.376637839327255, 48.804569046992889 ], [ 2.376636544435412, 48.804570257043011 ], [ 2.376413765131435, 48.804868592147898 ], [ 2.376399329659095, 48.804891911706946 ], [ 2.376367539381969, 48.80495569137711 ], [ 2.376329190057424, 48.805017228823559 ], [ 2.376282449344624, 48.805079236591659 ], [ 2.376177410194515, 48.805191162413621 ], [ 2.376163221241564, 48.805208293331283 ], [ 2.375944477986394, 48.805510246044371 ], [ 2.375943584340931, 48.805512229674427 ], [ 2.375941865641951, 48.805513960103568 ], [ 2.375749375633339, 48.80579598640562 ], [ 2.375681405715675, 48.805794611750819 ], [ 2.375599609963936, 48.805810355959132 ], [ 2.37552918304922, 48.805842025503644 ], [ 2.375477018818405, 48.805886520372816 ], [ 2.375380312449921, 48.806002935764781 ], [ 2.375369279754513, 48.806017800642628 ], [ 2.375345703060901, 48.806053653031242 ], [ 2.375333808398493, 48.806075502426232 ], [ 2.375293762041948, 48.806167282707356 ], [ 2.375079338892614, 48.806465435371514 ], [ 2.375047193738565, 48.806497041101757 ], [ 2.375005677590995, 48.806532744686528 ], [ 2.375000826713868, 48.806538639464961 ], [ 2.374993992946856, 48.806543603300121 ], [ 2.374911298464832, 48.80662681411502 ], [ 2.37489321256806, 48.806648011981089 ], [ 2.374783426798206, 48.806799871677519 ], [ 2.374726627738575, 48.806875174569882 ], [ 2.374541559135368, 48.807117545154114 ], [ 2.374541075102148, 48.807118543064007 ], [ 2.374540162787211, 48.807119400333249 ], [ 2.374290260608873, 48.807456269289538 ], [ 2.374159687997585, 48.807618426054539 ] ], [ [ 2.384078989493934, 48.818410123359648 ], [ 2.382379703625612, 48.817714365672934 ], [ 2.381922340547462, 48.817525900058747 ], [ 2.381934118084647, 48.817508426027565 ], [ 2.382169322990209, 48.817159826650844 ], [ 2.382521195906504, 48.816681253851499 ], [ 2.38291709530288, 48.816184046706155 ], [ 2.382983986877971, 48.816115811527595 ], [ 2.383075625756313, 48.816031624204221 ], [ 2.383244054850245, 48.815880391730303 ], [ 2.383250159035856, 48.815872592834772 ], [ 2.383258663417003, 48.815865845214461 ], [ 2.383933407584004, 48.815117494806898 ], [ 2.384252617571833, 48.814764011390849 ], [ 2.384368969899063, 48.814638764093779 ], [ 2.384370100006013, 48.814636964902554 ], [ 2.384371968188126, 48.814635457623382 ], [ 2.384547873742649, 48.814436669516795 ], [ 2.384620221678794, 48.814356960386128 ], [ 2.384620822837863, 48.81435597474924 ], [ 2.384621841280447, 48.814355152126851 ], [ 2.384929306774526, 48.814007248265014 ], [ 2.385105631215322, 48.813809908036511 ], [ 2.385235072458491, 48.813682980201897 ], [ 2.385399895290237, 48.813537569770368 ], [ 2.385674438706703, 48.813297618409514 ], [ 2.385891542023442, 48.813109210003233 ], [ 2.38589171219621, 48.813109001029474 ], [ 2.385891971169621, 48.813108836567423 ], [ 2.386185042328856, 48.812853117992766 ], [ 2.386186412824701, 48.812851911686103 ], [ 2.386449259302902, 48.812618521825435 ], [ 2.386452048456412, 48.812615004494518 ], [ 2.386456158885594, 48.812612107050839 ], [ 2.386464016285804, 48.812604452477522 ], [ 2.386499905097523, 48.812617535561635 ], [ 2.386575768529482, 48.812655898870965 ], [ 2.386682923732663, 48.812717519230475 ], [ 2.386700177953074, 48.81272665510501 ], [ 2.386931198354867, 48.812839113542424 ], [ 2.387026812314732, 48.812886120149663 ], [ 2.38702938220739, 48.812887009863026 ], [ 2.387031453324893, 48.8128883519827 ], [ 2.387578165935753, 48.813145480869608 ], [ 2.388160380007684, 48.813421533586499 ], [ 2.388163145323944, 48.813433416489751 ], [ 2.388172052459443, 48.813445093656497 ], [ 2.388177855648106, 48.813457594541511 ], [ 2.388191102721789, 48.813470068342291 ], [ 2.388201481904817, 48.813483675326253 ], [ 2.388215416830782, 48.813492963141393 ], [ 2.388226785144296, 48.81350366783311 ], [ 2.388245220347041, 48.813512827568076 ], [ 2.388261458239032, 48.813523650322161 ], [ 2.388703601283952, 48.8137378539491 ], [ 2.38880671997848, 48.813788434858239 ], [ 2.38893880473778, 48.813855539409225 ], [ 2.389041458124038, 48.813919590689814 ], [ 2.389120428703452, 48.813972558620151 ], [ 2.389213965589965, 48.814013527322047 ], [ 2.389269783556906, 48.814028168274632 ], [ 2.389430886677011, 48.814146967519029 ], [ 2.389431711626604, 48.814147573079431 ], [ 2.389673248104184, 48.814324068471713 ], [ 2.389933682617257, 48.814515049683763 ], [ 2.389935737370656, 48.814516539592844 ], [ 2.390092395501805, 48.814628862151721 ], [ 2.39009487926487, 48.814630160012364 ], [ 2.390096694386189, 48.814631874111932 ], [ 2.390155704956064, 48.814672277443272 ], [ 2.390210983323994, 48.814715127650054 ], [ 2.39022209969867, 48.814723232169719 ], [ 2.390281543531326, 48.814764007486851 ], [ 2.390288772470488, 48.814768783383599 ], [ 2.39034149175727, 48.814802329325921 ], [ 2.390358687316171, 48.814812383070965 ], [ 2.390433121160739, 48.814852335359731 ], [ 2.390449837462219, 48.814860625074822 ], [ 2.390543304483173, 48.81490337246953 ], [ 2.390548391362703, 48.814905643365464 ], [ 2.390648656817472, 48.814949324710348 ], [ 2.390652802862109, 48.81495109555047 ], [ 2.390746312240279, 48.814990245472757 ], [ 2.390750726057318, 48.814992054679507 ], [ 2.390841543582208, 48.815028492665078 ], [ 2.390916631108563, 48.815058593142041 ], [ 2.39100789435276, 48.815096802303827 ], [ 2.391205747711338, 48.815179650185598 ], [ 2.39121748990966, 48.815184297987528 ], [ 2.391400540652355, 48.815252683461473 ], [ 2.39140868793301, 48.815255607408659 ], [ 2.39158094997583, 48.815314943875237 ], [ 2.391586982222092, 48.815316959213625 ], [ 2.391835262419567, 48.815397367869345 ], [ 2.391841174241853, 48.815399224611262 ], [ 2.392135650580328, 48.815488861407083 ], [ 2.392138406758951, 48.815489688133056 ], [ 2.392456590036339, 48.815583722665231 ], [ 2.392729974074569, 48.815665833838572 ], [ 2.392742338093194, 48.815669306927717 ], [ 2.392814119099291, 48.815688103503582 ], [ 2.392811153990576, 48.815719051955284 ], [ 2.392808348539115, 48.815733411818307 ], [ 2.392802565119309, 48.81574940044618 ], [ 2.392800723614404, 48.815752778489042 ], [ 2.392369904287427, 48.816181899246892 ], [ 2.392054615720732, 48.816493961023248 ], [ 2.392054068517856, 48.816494504756527 ], [ 2.391825511705195, 48.816722507669375 ], [ 2.391752663193057, 48.816794810542675 ], [ 2.391745825592851, 48.816804655583447 ], [ 2.391736239289434, 48.816813444013462 ], [ 2.391728166316283, 48.816830082072286 ], [ 2.391717136841915, 48.816845962709024 ], [ 2.391715240668869, 48.816856721265339 ], [ 2.391710235903724, 48.816867035859183 ], [ 2.391693033945773, 48.816940697464197 ], [ 2.391690206498309, 48.816977291637563 ], [ 2.391696123793905, 48.817053768993588 ], [ 2.391702888435993, 48.817085446905274 ], [ 2.391721345341537, 48.817137704805361 ], [ 2.391733235809797, 48.817162867601979 ], [ 2.391763959603448, 48.817214288516112 ], [ 2.39177456338196, 48.817229833928067 ], [ 2.391793345587271, 48.817254212708768 ], [ 2.391816953671732, 48.817279458361831 ], [ 2.391841214652628, 48.817301166863928 ], [ 2.391852862013319, 48.817310871024482 ], [ 2.391878505818675, 48.81733078779326 ], [ 2.391913239952735, 48.817353326844625 ], [ 2.391948427027089, 48.817372392752148 ], [ 2.391972945217093, 48.817384231174849 ], [ 2.392051542828837, 48.817417907859905 ], [ 2.392070583142285, 48.817425358214805 ], [ 2.392257749302696, 48.81749196436089 ], [ 2.392262795855392, 48.817493715498543 ], [ 2.392523064267307, 48.817581744468171 ], [ 2.39266857370422, 48.817644089560169 ], [ 2.392690304142874, 48.817652484279705 ], [ 2.393515569749465, 48.817938339212652 ], [ 2.393909440465903, 48.818080774368553 ], [ 2.393911152055705, 48.818081179192696 ], [ 2.393912604991012, 48.818081900882085 ], [ 2.394888606961146, 48.818423863431271 ], [ 2.395065275015757, 48.818489951277989 ], [ 2.395287245572598, 48.818573663091897 ], [ 2.395289581429506, 48.818574246892481 ], [ 2.395291557795932, 48.818575255281246 ], [ 2.395672664238678, 48.818712988096934 ], [ 2.395682020517711, 48.818716215478318 ], [ 2.396443169149345, 48.818966489383271 ], [ 2.396456590105014, 48.818970605740908 ], [ 2.39649987391042, 48.818982948851279 ], [ 2.39648397886788, 48.818996208092656 ], [ 2.395824433495198, 48.81952484509101 ], [ 2.395820129335836, 48.819528384997227 ], [ 2.395635824150327, 48.819683945196999 ], [ 2.395631297535566, 48.819687875811923 ], [ 2.39549931066796, 48.819805809631909 ], [ 2.395462314952833, 48.81983875540633 ], [ 2.395043151892775, 48.820211733380596 ], [ 2.394968099108491, 48.820275324682697 ], [ 2.394967696504972, 48.820275805655051 ], [ 2.394967091972298, 48.820276183349677 ], [ 2.394898308357952, 48.82033519414427 ], [ 2.394892800907821, 48.82034186849706 ], [ 2.394885132705665, 48.820347537072585 ], [ 2.394799940866366, 48.820434916261966 ], [ 2.394525661392015, 48.820647207686839 ], [ 2.393733445008853, 48.821227156609417 ], [ 2.39325624691145, 48.821561457064227 ], [ 2.393255147827276, 48.821562231584608 ], [ 2.392904944852484, 48.821810480537451 ], [ 2.392468128461208, 48.822120405791424 ], [ 2.392445042382057, 48.822139170306464 ], [ 2.392399083406485, 48.822182132188537 ], [ 2.391658561390551, 48.821836862102032 ], [ 2.390702186556587, 48.82138353408665 ], [ 2.390583429669904, 48.821325328521247 ], [ 2.390485332526058, 48.821277220282809 ], [ 2.390304359041944, 48.821175044847145 ], [ 2.39028138885494, 48.821163412432092 ], [ 2.390049473912581, 48.821058401067731 ], [ 2.389585887881025, 48.820843989112873 ], [ 2.389439550388247, 48.820774599706652 ], [ 2.389344877894074, 48.82074590171338 ], [ 2.389304090751592, 48.820739369053854 ], [ 2.389241927048694, 48.820712260054933 ], [ 2.389023561600688, 48.820612423840323 ], [ 2.389004038685022, 48.820604283913546 ], [ 2.388907765121713, 48.820567816872817 ], [ 2.388876725068207, 48.820560014596225 ], [ 2.388846585181168, 48.820550801032439 ], [ 2.388837072473901, 48.820550047442673 ], [ 2.388828118336431, 48.820547796710819 ], [ 2.38879494631649, 48.820546710229706 ], [ 2.388761969972572, 48.820544097849698 ], [ 2.388699924204119, 48.820545642469988 ], [ 2.388648865997064, 48.820539979870681 ], [ 2.388578658644501, 48.820523550915681 ], [ 2.388484229012083, 48.820491413876134 ], [ 2.388368117965372, 48.820443599745943 ], [ 2.388096022418163, 48.820330479021472 ], [ 2.386048033538799, 48.819459302003168 ], [ 2.385985440015018, 48.819429886598755 ], [ 2.385982589321866, 48.819428564983063 ], [ 2.385545459530434, 48.819228647820005 ], [ 2.385344476798616, 48.819135984374704 ], [ 2.384648968276043, 48.81880428150334 ], [ 2.384558407431133, 48.818757469637184 ], [ 2.384500741187813, 48.81872439943465 ], [ 2.384422629974638, 48.818656898921809 ], [ 2.384371707151594, 48.818608871654057 ], [ 2.384347076522987, 48.818584056661187 ], [ 2.38432425575081, 48.818564213326297 ], [ 2.384281058855044, 48.818531613256603 ], [ 2.384274887641684, 48.818527111578426 ], [ 2.384222210973606, 48.818489965775356 ], [ 2.384200955969976, 48.818476514472039 ], [ 2.384113020107657, 48.818426595719764 ], [ 2.384095010575176, 48.818419255265248 ], [ 2.384078989493934, 48.818410123359648 ] ], [ [ 2.38621531667832, 48.812068571739736 ], [ 2.38621100157909, 48.812066554746522 ], [ 2.386124347872635, 48.812026878436292 ], [ 2.385843056028705, 48.811891227593918 ], [ 2.385717865234871, 48.81182558918394 ], [ 2.385628981853666, 48.811778592868706 ], [ 2.385623840816069, 48.811776657740332 ], [ 2.385619672164581, 48.811773884018706 ], [ 2.385459895594741, 48.811696615177247 ], [ 2.385451470836038, 48.811692700373932 ], [ 2.385253695260961, 48.811604443303253 ], [ 2.385246805214611, 48.811602316918922 ], [ 2.385240968419231, 48.811599096871028 ], [ 2.385072292824704, 48.811532497165672 ], [ 2.384868392821065, 48.811448652814924 ], [ 2.384867051076909, 48.811448278364018 ], [ 2.384865940175986, 48.811447656120649 ], [ 2.384657600936726, 48.81136399155281 ], [ 2.384513564456493, 48.811305721947534 ], [ 2.384428775492214, 48.811270111767762 ], [ 2.384428315577376, 48.811269919035965 ], [ 2.384246969413501, 48.811194091794881 ], [ 2.384182503774744, 48.811166306907602 ], [ 2.384150028793234, 48.811124201951934 ], [ 2.384094578421572, 48.811086124318507 ], [ 2.383970416111635, 48.811022810737803 ], [ 2.384014705713478, 48.810988121695722 ], [ 2.384188662929458, 48.810853659030727 ], [ 2.384188846784655, 48.810853516767068 ], [ 2.384511806058232, 48.810603352066266 ], [ 2.384512676321712, 48.810602412364013 ], [ 2.384513930429571, 48.810601686190253 ], [ 2.385122874199459, 48.810118252201029 ], [ 2.385127887026892, 48.810112689018645 ], [ 2.385134777104881, 48.810108084518653 ], [ 2.38525041546609, 48.810001652327337 ], [ 2.385264112751293, 48.809987731264279 ], [ 2.385988622890773, 48.809171214649986 ], [ 2.385990398120627, 48.809168218516021 ], [ 2.385993352903326, 48.809165660619307 ], [ 2.386130131270015, 48.80899817781512 ], [ 2.386140910786747, 48.808983403521751 ], [ 2.386184754753107, 48.80891556550737 ], [ 2.386223227335289, 48.808861514513474 ], [ 2.386290232025685, 48.808810794976729 ], [ 2.38631701011049, 48.808786760117336 ], [ 2.386432854735014, 48.808662340013115 ], [ 2.386437299399441, 48.808657390590902 ], [ 2.386714765279811, 48.808336833910538 ], [ 2.386721502364441, 48.808328555789252 ], [ 2.386784536597272, 48.808246001351634 ], [ 2.386833513559634, 48.80818334351985 ], [ 2.386881625491798, 48.808131059919745 ], [ 2.386943266887644, 48.808075782134019 ], [ 2.386960716800672, 48.808058034604834 ], [ 2.387105669153619, 48.807889693080739 ], [ 2.387105882351183, 48.807889319002918 ], [ 2.387106258045156, 48.807889005656676 ], [ 2.387258133518333, 48.807710806161701 ], [ 2.387275062150164, 48.807687031948156 ], [ 2.38730224639627, 48.807640257621784 ], [ 2.387342785884008, 48.807590392047594 ], [ 2.387388624988439, 48.807543512873089 ], [ 2.387442889274618, 48.807493145694821 ], [ 2.387457020391563, 48.807478596930878 ], [ 2.387826357023479, 48.807054830553568 ], [ 2.38806882445388, 48.806781903181303 ], [ 2.388107268647928, 48.80674692868002 ], [ 2.388179572010056, 48.806694422992521 ], [ 2.388195562024881, 48.806678337462415 ], [ 2.388213904572428, 48.806663387370506 ], [ 2.38824288720453, 48.80663025833671 ], [ 2.388259620210013, 48.806607600425188 ], [ 2.388280444106342, 48.806573530241373 ], [ 2.388291948734615, 48.80655025656764 ], [ 2.388303760079878, 48.806519379372396 ], [ 2.388315802930503, 48.806498020707849 ], [ 2.388329438712053, 48.806479934789607 ], [ 2.388381695243489, 48.806430552012387 ], [ 2.388453780180732, 48.806380694049196 ], [ 2.388783191626923, 48.806153065288946 ], [ 2.38878405056505, 48.806152469019402 ], [ 2.388897995068671, 48.806073006001689 ], [ 2.388919806102011, 48.806055753031259 ], [ 2.389045032145237, 48.805943070164901 ], [ 2.389047871332519, 48.805939433704133 ], [ 2.38905207187671, 48.80593642663883 ], [ 2.389107175256643, 48.805881845549735 ], [ 2.389117412157659, 48.805870873402043 ], [ 2.38915744391174, 48.805824309763473 ], [ 2.389162326862412, 48.805818373111819 ], [ 2.389199646035165, 48.805770896207719 ], [ 2.389206066149182, 48.805762159707001 ], [ 2.389260092004104, 48.805683289541193 ], [ 2.389267916796209, 48.805670600567822 ], [ 2.389313826042017, 48.805587191960292 ], [ 2.389316329488117, 48.805578668706765 ], [ 2.389321566318539, 48.805570705374372 ], [ 2.389339813499793, 48.805524030374009 ], [ 2.389344578198297, 48.805509329916553 ], [ 2.389353180222196, 48.805476051072525 ], [ 2.389381193974956, 48.805452203921341 ], [ 2.389381914106041, 48.805452082070957 ], [ 2.389506200833342, 48.805419439487238 ], [ 2.38954632235292, 48.805406283130274 ], [ 2.389640021313675, 48.805368919462815 ], [ 2.390085182804693, 48.805198417096143 ], [ 2.390088346507992, 48.805197186449355 ], [ 2.390472725661009, 48.805045351493369 ], [ 2.390473692647198, 48.805044967719603 ], [ 2.390837266052676, 48.804899995255113 ], [ 2.39253292704237, 48.80424553325355 ], [ 2.392534800220004, 48.804244803611034 ], [ 2.393176304515441, 48.803992635273637 ], [ 2.39317921793035, 48.80399147368361 ], [ 2.393404848140948, 48.803900238229353 ], [ 2.393459197453232, 48.803901483761052 ], [ 2.393523064266716, 48.803892690729612 ], [ 2.3935585565424, 48.803884776290772 ], [ 2.393639930050972, 48.803855668019949 ], [ 2.393674175815789, 48.803837853936372 ], [ 2.393748319626146, 48.80377821277947 ], [ 2.393764908075245, 48.803756711555309 ], [ 2.393765346787756, 48.803755721780725 ], [ 2.393793337645624, 48.803747857509663 ], [ 2.393823754626334, 48.803737785672574 ], [ 2.394223109101258, 48.803584215732258 ], [ 2.394224675504053, 48.803583608746052 ], [ 2.395489661426646, 48.803089658399529 ], [ 2.396363184061772, 48.802758652528006 ], [ 2.396920585030085, 48.80257010920765 ], [ 2.396712854746462, 48.80274016464751 ], [ 2.396712606992115, 48.802740367768379 ], [ 2.395838367512387, 48.803458162541169 ], [ 2.395838311364455, 48.803458227254403 ], [ 2.395838227753615, 48.803458277384316 ], [ 2.395791490249568, 48.803496714914324 ], [ 2.395787204583596, 48.803500333187365 ], [ 2.395667549014838, 48.803604057521262 ], [ 2.395657469260908, 48.803613398718596 ], [ 2.395513100215642, 48.803756643061988 ], [ 2.394585173308502, 48.804511576000301 ], [ 2.394582023449878, 48.804514187751558 ], [ 2.393584177487488, 48.805357492966685 ], [ 2.392838326043836, 48.805960160786888 ], [ 2.392833150310002, 48.805964475967215 ], [ 2.392410236232523, 48.806328375556205 ], [ 2.392310656964847, 48.806409745865722 ], [ 2.392309818786202, 48.806410434225072 ], [ 2.391728257799898, 48.806890447632384 ], [ 2.391724809779304, 48.806893354212725 ], [ 2.391568009332465, 48.807028363760445 ], [ 2.391558662119293, 48.807036920404407 ], [ 2.391467761013729, 48.807125497057861 ], [ 2.391462429749738, 48.80713300367907 ], [ 2.391454722039906, 48.807139548170262 ], [ 2.391444430240506, 48.807158347650358 ], [ 2.391431576609375, 48.80717644601885 ], [ 2.391430018153296, 48.807184673415257 ], [ 2.391425749440227, 48.807192470832454 ], [ 2.391424756465569, 48.807212450880741 ], [ 2.391420999040982, 48.807232287031972 ], [ 2.391423365956719, 48.807240429850324 ], [ 2.39142295410218, 48.807248716929877 ], [ 2.391442190156821, 48.807350437701416 ], [ 2.391456935463177, 48.807428467297882 ], [ 2.391457326663642, 48.807453927752363 ], [ 2.391439374291955, 48.807531172265598 ], [ 2.39142423773193, 48.807592572838089 ], [ 2.391399788347409, 48.807681782017227 ], [ 2.391374363484962, 48.807761024734234 ], [ 2.391352238529749, 48.807803765173091 ], [ 2.391322470814423, 48.807842938540418 ], [ 2.391264887621175, 48.807902762400055 ], [ 2.391200029535047, 48.807962737916718 ], [ 2.391064962862194, 48.808079796857818 ], [ 2.390655768087782, 48.808411465785163 ], [ 2.390187451424024, 48.808787387398951 ], [ 2.3901765838392, 48.808796717017046 ], [ 2.390063712952495, 48.808900469983342 ], [ 2.390041144982676, 48.808925182513434 ], [ 2.389980287907625, 48.809005816731357 ], [ 2.389961225504417, 48.809038867977151 ], [ 2.389920581827822, 48.809137593020012 ], [ 2.389919400072881, 48.809140563473719 ], [ 2.389881479452002, 48.809239302391511 ], [ 2.389881453215419, 48.809239491577799 ], [ 2.389881340302405, 48.80923966630565 ], [ 2.389844849954395, 48.809335519472228 ], [ 2.389806541688314, 48.809420393797083 ], [ 2.389756093730476, 48.809504915421364 ], [ 2.389697919121634, 48.809584954265958 ], [ 2.389622401207203, 48.809672971965107 ], [ 2.389522198068461, 48.809762124224562 ], [ 2.389444311981396, 48.809822592292164 ], [ 2.389231932288828, 48.809959028005949 ], [ 2.388940627724449, 48.810133484778504 ], [ 2.388938772421128, 48.810134606231912 ], [ 2.388672697511282, 48.81029693403287 ], [ 2.388671027789034, 48.810297961292633 ], [ 2.388432352726066, 48.810446038491264 ], [ 2.388426623898801, 48.810450917952799 ], [ 2.388419268369731, 48.810454729025992 ], [ 2.387451045562214, 48.811143202793438 ], [ 2.386982777804914, 48.811467295377945 ], [ 2.386974254311842, 48.811475437493883 ], [ 2.38696340371202, 48.811482265904345 ], [ 2.386688257337393, 48.811720090912061 ], [ 2.386687849836182, 48.811720589009873 ], [ 2.386687232919314, 48.811720982102919 ], [ 2.386556520052813, 48.811835432635064 ], [ 2.386543298596545, 48.811848102057631 ], [ 2.38635439989619, 48.812046795869776 ], [ 2.386354198840835, 48.812047106815662 ], [ 2.386353863573791, 48.812047362333168 ], [ 2.386297082198249, 48.81210758320055 ], [ 2.38621531667832, 48.812068571739736 ] ], [ [ 2.386298816068749, 48.808083244869465 ], [ 2.386238404084489, 48.808162364064223 ], [ 2.385966630990487, 48.808476340611151 ], [ 2.385864942592138, 48.80858555556555 ], [ 2.385787793541018, 48.808643953543935 ], [ 2.38574653675879, 48.808685685540055 ], [ 2.385689768699162, 48.808765439246969 ], [ 2.385685757546121, 48.808771348529184 ], [ 2.385644867417697, 48.808834615270285 ], [ 2.385516278712211, 48.808992068208561 ], [ 2.384800565055273, 48.80979866328498 ], [ 2.384697938110811, 48.809893119197305 ], [ 2.384096274337005, 48.810370770676421 ], [ 2.383774476213642, 48.810620034460754 ], [ 2.383600034572478, 48.810754870767504 ], [ 2.38359956548102, 48.810755376092089 ], [ 2.383598886730644, 48.810755763871924 ], [ 2.38337072682874, 48.81093446429594 ], [ 2.383369220568749, 48.810936110854975 ], [ 2.38336705846269, 48.81093739990844 ], [ 2.383303076042373, 48.810989719730891 ], [ 2.383284691981377, 48.810998836908297 ], [ 2.383195762505704, 48.811037611276447 ], [ 2.383183826141438, 48.81104312390957 ], [ 2.383012647859982, 48.811126768720456 ], [ 2.38279764054972, 48.811231772260541 ], [ 2.382797129567972, 48.811232115454274 ], [ 2.382796484810498, 48.811232339816932 ], [ 2.382243104460661, 48.811505592785586 ], [ 2.382235376053482, 48.811509553830433 ], [ 2.382207370388535, 48.81152444744243 ], [ 2.381935541045852, 48.811663123890838 ], [ 2.381930544288465, 48.811665735229873 ], [ 2.381837353805844, 48.811715618953372 ], [ 2.381824768921357, 48.811722786491963 ], [ 2.381724641929854, 48.811783426873468 ], [ 2.3817161681621, 48.811788785293089 ], [ 2.381626955638076, 48.811847683265988 ], [ 2.381616120264018, 48.811855263901407 ], [ 2.38152819453047, 48.811920464144833 ], [ 2.381521087734263, 48.811925952042571 ], [ 2.381411097561958, 48.812014422044513 ], [ 2.381408426707243, 48.812016604827711 ], [ 2.381358915534576, 48.812057720319302 ], [ 2.381346652796656, 48.812068738730112 ], [ 2.3812943007986, 48.812119732720163 ], [ 2.381285648652809, 48.812128722456443 ], [ 2.381213891505776, 48.812208396277981 ], [ 2.381205326761914, 48.812218651787383 ], [ 2.381162452910841, 48.812274191691642 ], [ 2.381159577206294, 48.81227802914929 ], [ 2.381115277534677, 48.812338957958545 ], [ 2.381112637422377, 48.812342698479029 ], [ 2.38106967798245, 48.812405432974309 ], [ 2.381068019558507, 48.812407904083756 ], [ 2.381023358703493, 48.81247582320205 ], [ 2.380946562147157, 48.812579334014785 ], [ 2.380905240303183, 48.812625187004819 ], [ 2.380860430471308, 48.812667069689731 ], [ 2.380705099993267, 48.812792628443205 ], [ 2.380544508550826, 48.81291568517365 ], [ 2.380175428501727, 48.812746722678504 ], [ 2.380109737199501, 48.812714432036728 ], [ 2.380058218699234, 48.812685843037414 ], [ 2.380027271260669, 48.812663926251489 ], [ 2.379998212220049, 48.812640287572371 ], [ 2.379968612273178, 48.812609833129727 ], [ 2.37994648412158, 48.812583033453834 ], [ 2.379914275778444, 48.812532072271878 ], [ 2.379893214168811, 48.812486788120758 ], [ 2.379885782818119, 48.812447940782448 ], [ 2.379881295552352, 48.812396761035188 ], [ 2.379884987280378, 48.81235973686006 ], [ 2.37989300759032, 48.812336080850343 ], [ 2.379908653876185, 48.81230464100161 ], [ 2.379932387383501, 48.812265073411076 ], [ 2.380074182425644, 48.812097240573642 ], [ 2.380218258974857, 48.811926439372066 ], [ 2.380385611438532, 48.811735166850731 ], [ 2.380387270726987, 48.811733243155743 ], [ 2.380506040990642, 48.811593554634648 ], [ 2.38052032786204, 48.811574096460255 ], [ 2.380552255087494, 48.811522996957621 ], [ 2.380557759745396, 48.811513422387598 ], [ 2.380587016977564, 48.811457812115059 ], [ 2.380595603834119, 48.811437840264027 ], [ 2.380616776461861, 48.8113749930152 ], [ 2.380618567350506, 48.81136923479685 ], [ 2.38063419715628, 48.811314453289668 ], [ 2.380636997417423, 48.811302409922277 ], [ 2.380647201911895, 48.811245801533559 ], [ 2.380648231142762, 48.811238990277197 ], [ 2.380654265199467, 48.811189555359988 ], [ 2.380655007027242, 48.811180844826893 ], [ 2.380658616810114, 48.81110621456493 ], [ 2.380658494067818, 48.811092589237632 ], [ 2.380655028568549, 48.81104040694585 ], [ 2.380653132318586, 48.811025690928666 ], [ 2.380644805482285, 48.810982262985007 ], [ 2.380639006939887, 48.81093886298153 ], [ 2.380633754088372, 48.810916187682828 ], [ 2.380620607554568, 48.810876546620946 ], [ 2.380612985963079, 48.810858245520549 ], [ 2.380594360827264, 48.810821274225489 ], [ 2.380579107855553, 48.810797054946782 ], [ 2.380554972091156, 48.810765451404023 ], [ 2.380539592639859, 48.810747860289496 ], [ 2.380480385352076, 48.810688194051956 ], [ 2.380471753928128, 48.810680000926347 ], [ 2.380394952298829, 48.81061124960987 ], [ 2.380378358871336, 48.810597804250833 ], [ 2.380316888079352, 48.810552630765436 ], [ 2.380323236796401, 48.810540919150561 ], [ 2.380391305882299, 48.810416507463579 ], [ 2.380399815480729, 48.81039784801429 ], [ 2.380464544714091, 48.810221903859343 ], [ 2.380464586378606, 48.810221566074013 ], [ 2.380464782278326, 48.810221252840918 ], [ 2.380498422239782, 48.810128306857926 ], [ 2.38062027323651, 48.809798561275613 ], [ 2.380695699285321, 48.809604863125678 ], [ 2.380696172248475, 48.809601572808127 ], [ 2.380697993068113, 48.809598494260428 ], [ 2.380719707691908, 48.809532923769694 ], [ 2.380724228144756, 48.809521016355049 ], [ 2.380725942814887, 48.809518466434525 ], [ 2.380807235191842, 48.809411447526799 ], [ 2.380895911232251, 48.809295733916663 ], [ 2.38094425995393, 48.809243926771913 ], [ 2.380997219399338, 48.809195121892813 ], [ 2.381091457182956, 48.809109939143752 ], [ 2.381102827620037, 48.80909881214987 ], [ 2.381148336754006, 48.809050480859462 ], [ 2.381154097980718, 48.809044069800812 ], [ 2.381192860320503, 48.808998824451869 ], [ 2.381243266484861, 48.808945081449998 ], [ 2.381288963866261, 48.808902779545548 ], [ 2.381350019613231, 48.80885220318023 ], [ 2.381406006447715, 48.808810603402712 ], [ 2.381523508290606, 48.808734971879723 ], [ 2.381570163812736, 48.808711241854624 ], [ 2.381863208191306, 48.808572777879803 ], [ 2.382019802065961, 48.808504705475229 ], [ 2.382186414516558, 48.808438490182418 ], [ 2.382367380128643, 48.808373583997231 ], [ 2.382561967948315, 48.808312656625006 ], [ 2.382657782652101, 48.808287417864321 ], [ 2.382658511826326, 48.808287131415469 ], [ 2.382659338159192, 48.808287004453447 ], [ 2.382870278742305, 48.808230443028577 ], [ 2.383358689382758, 48.808117747420191 ], [ 2.383462961965316, 48.808094199478568 ], [ 2.383464832313126, 48.80809354604574 ], [ 2.383466911003997, 48.808093285219712 ], [ 2.383637596947894, 48.808052793562858 ], [ 2.383644179936417, 48.808051168236943 ], [ 2.383757541347961, 48.808022072874415 ], [ 2.383771476418655, 48.808018198879616 ], [ 2.383883529234384, 48.807984599715411 ], [ 2.383892723836322, 48.807981704512521 ], [ 2.384104606725799, 48.807911744718112 ], [ 2.384110753359102, 48.807908842386141 ], [ 2.38411782070215, 48.807907077248487 ], [ 2.384320246314233, 48.807830772635391 ], [ 2.384324808879025, 48.807829013795178 ], [ 2.384586099648056, 48.807726030256916 ], [ 2.384597150004878, 48.807721434084222 ], [ 2.384761397337265, 48.807649429112551 ], [ 2.384769500929783, 48.807645735436573 ], [ 2.384916015649207, 48.807576337151232 ], [ 2.384924988449204, 48.807570483534221 ], [ 2.384935692832905, 48.807566079038942 ], [ 2.385119393360272, 48.807460896315469 ], [ 2.385139645966209, 48.807448033069413 ], [ 2.386097727987505, 48.806773299257223 ], [ 2.386340357608648, 48.806608418048 ], [ 2.386342216944827, 48.806606676154907 ], [ 2.386344754150191, 48.806605359377201 ], [ 2.386892096926887, 48.80621551593083 ], [ 2.387068159388492, 48.80609154719717 ], [ 2.387220530804465, 48.805997248137849 ], [ 2.387325538915066, 48.8059456821059 ], [ 2.38741719860987, 48.805905494694628 ], [ 2.387518773061638, 48.805870377133772 ], [ 2.38766810945078, 48.805827721259242 ], [ 2.388398752315271, 48.805643093248641 ], [ 2.388405764002774, 48.805641247436903 ], [ 2.388757021469455, 48.805545031554161 ], [ 2.388712905224241, 48.805609434186806 ], [ 2.388681331488996, 48.805649601360777 ], [ 2.38864864609009, 48.805687619563919 ], [ 2.388602365165854, 48.805733461431345 ], [ 2.388490859908303, 48.805833797118055 ], [ 2.388389066898002, 48.805904785509163 ], [ 2.388060041982189, 48.806132146032503 ], [ 2.388060005423761, 48.806132180895965 ], [ 2.388059954362614, 48.806132206606613 ], [ 2.387973471179129, 48.806192022883927 ], [ 2.387947209687703, 48.80621320332591 ], [ 2.387871481260725, 48.806284766638683 ], [ 2.387850917930117, 48.806307630552041 ], [ 2.3878218718932, 48.806346155505558 ], [ 2.387810440838654, 48.806363561689452 ], [ 2.387788191847855, 48.806403020829869 ], [ 2.387779365251119, 48.80642173506029 ], [ 2.3877684639848, 48.806450232389324 ], [ 2.387761755695859, 48.806461207715053 ], [ 2.387756986045838, 48.806466659680552 ], [ 2.387694277574849, 48.806512197419856 ], [ 2.387675366113082, 48.806527548732234 ], [ 2.387620313349515, 48.806577632460076 ], [ 2.387605807402332, 48.806592278300201 ], [ 2.387356052015199, 48.806873406417743 ], [ 2.387355633678587, 48.806874111322124 ], [ 2.38735491343155, 48.806874700316634 ], [ 2.386991544832176, 48.807291614957215 ], [ 2.386941320599753, 48.807338231855653 ], [ 2.386934438828741, 48.807344933733248 ], [ 2.386879310484668, 48.807401312416722 ], [ 2.386868149052071, 48.807413805055354 ], [ 2.386814265815994, 48.807480083354292 ], [ 2.386808580562377, 48.807490845427999 ], [ 2.386799951894186, 48.807500716643681 ], [ 2.386773744242948, 48.807545809871399 ], [ 2.386631943200301, 48.807712186979153 ], [ 2.38649521875052, 48.807870971348045 ], [ 2.386435926849465, 48.807924141780781 ], [ 2.38642248303347, 48.807937389848547 ], [ 2.386363173555443, 48.808001841294171 ], [ 2.386353907209619, 48.808012748128739 ], [ 2.386299990953923, 48.808081724158853 ], [ 2.386299580242133, 48.808082544082808 ], [ 2.386298816068749, 48.808083244869465 ] ], [ [ 2.373953359890004, 48.817779300907461 ], [ 2.373830920202423, 48.817736753119974 ], [ 2.373794275432166, 48.817723056701901 ], [ 2.373739300389939, 48.817698906001873 ], [ 2.373694983139761, 48.817676591424068 ], [ 2.373604023710979, 48.817623080497057 ], [ 2.373584454651831, 48.817614785326292 ], [ 2.373566885292504, 48.817604725633849 ], [ 2.373343276044526, 48.817512716465146 ], [ 2.373343182696399, 48.817512690391567 ], [ 2.373343106069043, 48.817512646581797 ], [ 2.373269924442609, 48.817482583451692 ], [ 2.37326454410799, 48.817481083714419 ], [ 2.373259970501269, 48.817478685547854 ], [ 2.371711442793685, 48.816901278922167 ], [ 2.371483502302524, 48.816812005537088 ], [ 2.371478968161608, 48.816810268452159 ], [ 2.37113339577136, 48.816680793553928 ], [ 2.370774272149734, 48.816545850149865 ], [ 2.370773381702745, 48.816545517016372 ], [ 2.37069819566434, 48.816517511511307 ], [ 2.370259739397507, 48.816351809351929 ], [ 2.369324377555449, 48.815997938748112 ], [ 2.369322673273342, 48.815997299332807 ], [ 2.368758803676315, 48.815787512433936 ], [ 2.368667402365946, 48.81575342095821 ], [ 2.368910162682309, 48.815446737563946 ], [ 2.36891045963984, 48.815446361329556 ], [ 2.369348746575752, 48.814889459423505 ], [ 2.3694315652219, 48.814784869799901 ], [ 2.369431720434978, 48.814784565337227 ], [ 2.369432009132685, 48.814784306777575 ], [ 2.369893826777593, 48.814196033398083 ], [ 2.370456547892656, 48.813483274727339 ], [ 2.370457671878587, 48.81348183526061 ], [ 2.370606291056371, 48.813289378666944 ], [ 2.370630668553849, 48.813290747040817 ], [ 2.370702828344883, 48.813292026262246 ], [ 2.370718434132843, 48.813292007514598 ], [ 2.370810939978565, 48.813290145156238 ], [ 2.37081164001964, 48.813290177752449 ], [ 2.370835068810628, 48.813299183938149 ], [ 2.371014053114256, 48.813376205846296 ], [ 2.371587473274954, 48.813640245851921 ], [ 2.371590756661855, 48.813641734279607 ], [ 2.373033139700026, 48.814285384612937 ], [ 2.373211342612375, 48.814367288456985 ], [ 2.373449387941131, 48.814477499136949 ], [ 2.373789353779136, 48.814638774223496 ], [ 2.373790042338037, 48.814639002832266 ], [ 2.373790593250678, 48.814639358745268 ], [ 2.374467701289974, 48.814956787795964 ], [ 2.37446804430019, 48.814956900093335 ], [ 2.374468318719495, 48.814957076393377 ], [ 2.374599519049832, 48.815018221170483 ], [ 2.374673842593633, 48.815053871938296 ], [ 2.374676440001394, 48.815055102522955 ], [ 2.375457843898394, 48.815420738477229 ], [ 2.375457938116396, 48.815420769254402 ], [ 2.37545801337791, 48.815420817715214 ], [ 2.376223054818795, 48.815778209033283 ], [ 2.376775193516262, 48.816036770995787 ], [ 2.376748412821346, 48.81606699009793 ], [ 2.376605230180301, 48.816212037831768 ], [ 2.376352388120537, 48.816462698847673 ], [ 2.376346320942754, 48.816468992770048 ], [ 2.37612141112654, 48.816713350484285 ], [ 2.37611726032815, 48.816718016926799 ], [ 2.376058701610688, 48.816786177831354 ], [ 2.375305055442124, 48.817599823137741 ], [ 2.374969897955839, 48.817960403121496 ], [ 2.374969494981813, 48.817960838039845 ], [ 2.374844355971495, 48.818096327545106 ], [ 2.374840041051737, 48.818094946292931 ], [ 2.374676944478666, 48.818033989124558 ], [ 2.374606635043524, 48.818007610837611 ], [ 2.374602165808823, 48.818005970544057 ], [ 2.374541142177018, 48.81798406622508 ], [ 2.374528621119074, 48.817979844512834 ], [ 2.374485204279247, 48.817966126686855 ], [ 2.374481717899357, 48.817965045081507 ], [ 2.374439652127664, 48.817952233686917 ], [ 2.374438965274638, 48.817952025264113 ], [ 2.374369577133795, 48.817931046640609 ], [ 2.373958193888829, 48.817781022033046 ], [ 2.373953359890004, 48.817779300907461 ] ], [ [ 2.373765901711705, 48.814184719005212 ], [ 2.373764487684, 48.814184249528509 ], [ 2.373763349820626, 48.814183523035851 ], [ 2.373523641001148, 48.814072542470669 ], [ 2.373523215559551, 48.814072405237795 ], [ 2.373522874023868, 48.814072188669378 ], [ 2.373342747245494, 48.813989400800828 ], [ 2.373339651745414, 48.813987998887029 ], [ 2.371897368051361, 48.813344394431844 ], [ 2.371322078100248, 48.813079494087532 ], [ 2.371318195800517, 48.813078249904741 ], [ 2.371314993355321, 48.813076339692081 ], [ 2.371126681616137, 48.812995304103787 ], [ 2.371115003941968, 48.812990551166621 ], [ 2.37106756127818, 48.812972313913534 ], [ 2.371047693701219, 48.812965384869024 ], [ 2.371006994507514, 48.812952579373437 ], [ 2.370928806185073, 48.812936941951762 ], [ 2.370898881309186, 48.812934086339304 ], [ 2.370884995599106, 48.812933101860949 ], [ 2.371206371850601, 48.812524660974091 ], [ 2.371518983867451, 48.812126903968519 ], [ 2.371519296739136, 48.812126283968553 ], [ 2.371519878654328, 48.812125755394554 ], [ 2.372008072635321, 48.811493517046294 ], [ 2.372282734577534, 48.811139573577499 ], [ 2.372517330966514, 48.810842815294393 ], [ 2.37251820919999, 48.81084169478315 ], [ 2.372733713718494, 48.810564359182088 ], [ 2.373142611205666, 48.810043622502292 ], [ 2.37346562273824, 48.809634990132977 ], [ 2.37359366170116, 48.809475327968357 ], [ 2.373718916119084, 48.809320000116628 ], [ 2.373850718776314, 48.809174311074692 ], [ 2.373854142566849, 48.809168674277984 ], [ 2.373859549995649, 48.809163761923109 ], [ 2.373971588665967, 48.809018647933406 ], [ 2.373975754249782, 48.809013011910473 ], [ 2.373997917651024, 48.808981649410491 ], [ 2.374007393496865, 48.80896646843491 ], [ 2.374035139980464, 48.80891553408928 ], [ 2.374102098944504, 48.808793454845798 ], [ 2.374329108712145, 48.808513880313612 ], [ 2.374331116952975, 48.808511359315951 ], [ 2.374558349599289, 48.808220540909481 ], [ 2.374597441958482, 48.808174779035618 ], [ 2.374696366224633, 48.8080861124009 ], [ 2.374704524124021, 48.80807838451102 ], [ 2.374733146082465, 48.808049698179346 ], [ 2.375139275360816, 48.808232931349089 ], [ 2.375143973107146, 48.808235003941959 ], [ 2.37570751565668, 48.808478084731881 ], [ 2.37616821468547, 48.808676600934085 ], [ 2.376169119664706, 48.808676868562401 ], [ 2.376169859907129, 48.808677304296403 ], [ 2.376306331075859, 48.808735188911363 ], [ 2.376474862712921, 48.80881096398651 ], [ 2.376818591954644, 48.808979233021198 ], [ 2.377003819998057, 48.809081820275608 ], [ 2.37719123292461, 48.809189627359288 ], [ 2.377192754260038, 48.80919025654665 ], [ 2.3771939246027, 48.809191155451572 ], [ 2.377503545702873, 48.809364625060994 ], [ 2.377675182504546, 48.809463611841814 ], [ 2.377675629701595, 48.809463869183197 ], [ 2.378050254221429, 48.809678973362587 ], [ 2.378061798390631, 48.809685242899874 ], [ 2.378193738364007, 48.809752977153472 ], [ 2.37883860336718, 48.810124676539743 ], [ 2.379303835569585, 48.810399073917822 ], [ 2.379680361865874, 48.810633917247543 ], [ 2.379647241080975, 48.810683249076149 ], [ 2.379646008024062, 48.810686306783438 ], [ 2.379643546391993, 48.810689021457719 ], [ 2.379598729190679, 48.810762589127393 ], [ 2.379572169029189, 48.810798254030018 ], [ 2.379526516557903, 48.810846116945832 ], [ 2.378725162323816, 48.811673700820734 ], [ 2.378196388982388, 48.812210918280734 ], [ 2.378192717811255, 48.812216357177121 ], [ 2.378187134373984, 48.812221032865438 ], [ 2.378174092026181, 48.812236406479293 ], [ 2.377950865254911, 48.812480677902691 ], [ 2.377702547812986, 48.812723841545406 ], [ 2.377698776308023, 48.812727637218579 ], [ 2.37736923990361, 48.813068586801855 ], [ 2.377368586279728, 48.81306957715551 ], [ 2.3773675158797, 48.813070394093749 ], [ 2.376980949955068, 48.813481012737221 ], [ 2.376862078598051, 48.813603389723681 ], [ 2.376321647804955, 48.814159045014158 ], [ 2.376321421210812, 48.814159385693237 ], [ 2.376321048024162, 48.814159664463965 ], [ 2.375719828161174, 48.814783396587394 ], [ 2.375719190617149, 48.814784061198218 ], [ 2.375526111697979, 48.814986313356833 ], [ 2.375511578563514, 48.815003569008141 ], [ 2.375510796835996, 48.815004630458517 ], [ 2.374992659847188, 48.814762182319001 ], [ 2.374918126324487, 48.814726430924878 ], [ 2.374916451780088, 48.814725867651887 ], [ 2.374915104750646, 48.814725002261703 ], [ 2.374782695644075, 48.814663294304061 ], [ 2.374106518875377, 48.81434630265192 ], [ 2.373765901711705, 48.814184719005212 ] ], [ [ 2.378406285071296, 48.812678075141164 ], [ 2.378409206834711, 48.812673936407897 ], [ 2.378413661639612, 48.812670444072189 ], [ 2.378642703353266, 48.812419807100895 ], [ 2.378647127463561, 48.812414784179211 ], [ 2.378657944751324, 48.812402033212997 ], [ 2.37918238845444, 48.8118692098151 ], [ 2.37918280574918, 48.811868591561463 ], [ 2.379183486208367, 48.81186808537737 ], [ 2.379985881580103, 48.811039418900151 ], [ 2.379986875706321, 48.811038384460019 ], [ 2.380023753574137, 48.810999720662352 ], [ 2.380111985770069, 48.811072917424283 ], [ 2.380113886404154, 48.811101541007403 ], [ 2.380110816501558, 48.81116499584671 ], [ 2.380105729377539, 48.811206669321514 ], [ 2.380097228296281, 48.81125382549105 ], [ 2.380084131352013, 48.81129972782319 ], [ 2.380067344317617, 48.811349555706762 ], [ 2.38004580008689, 48.811390504832481 ], [ 2.38002308765164, 48.811426855516459 ], [ 2.379913167822653, 48.811556133442394 ], [ 2.379745583483746, 48.811747669022807 ], [ 2.379743473984539, 48.811750124278085 ], [ 2.379598488388115, 48.81192200140049 ], [ 2.379447980259111, 48.812100145369811 ], [ 2.379432605679394, 48.812121543091031 ], [ 2.379399261796793, 48.812177131843313 ], [ 2.379393733936423, 48.812187215534266 ], [ 2.379371411876294, 48.812232068877179 ], [ 2.379364375987369, 48.812248929599683 ], [ 2.379348851599419, 48.812294717608253 ], [ 2.379342858765876, 48.812322201184863 ], [ 2.379336673487414, 48.81238422658744 ], [ 2.379336540070466, 48.812406444535412 ], [ 2.379342535060942, 48.812474828854832 ], [ 2.379344227419839, 48.81248697663564 ], [ 2.379355765526564, 48.812547295268665 ], [ 2.379365622840952, 48.812577565523362 ], [ 2.379397490086735, 48.812646084133036 ], [ 2.379406500928238, 48.812662554974793 ], [ 2.379449272555877, 48.812730230782861 ], [ 2.379461497438821, 48.812747059514784 ], [ 2.379495058336737, 48.812787705977534 ], [ 2.379504973208209, 48.812798756175575 ], [ 2.379548023271614, 48.812843049404556 ], [ 2.379565777996051, 48.812859257431619 ], [ 2.37961028615152, 48.812895463747878 ], [ 2.37962254610731, 48.812904766139738 ], [ 2.379671160843564, 48.812939194972799 ], [ 2.37969513689945, 48.812954231266104 ], [ 2.37976548550674, 48.812993269738186 ], [ 2.37977807882266, 48.812999849762981 ], [ 2.379853895762521, 48.813037117781178 ], [ 2.379861349801475, 48.813040654503496 ], [ 2.38018978122151, 48.813191008816638 ], [ 2.380143250886014, 48.813227510327472 ], [ 2.380142288294643, 48.813228269680998 ], [ 2.379874209624247, 48.813440932756833 ], [ 2.37987416122562, 48.813440986422783 ], [ 2.379874090128388, 48.813441027616847 ], [ 2.379763344986225, 48.813529002170732 ], [ 2.379652006838712, 48.813616191700582 ], [ 2.379457723168908, 48.813761032764525 ], [ 2.379457264278837, 48.813761507803974 ], [ 2.379456608947247, 48.813761868627189 ], [ 2.379378093712672, 48.813821137727608 ], [ 2.379250715520751, 48.813903950106031 ], [ 2.379038417588974, 48.814038430327479 ], [ 2.37876586140978, 48.814209389041331 ], [ 2.378760650358997, 48.814213877941199 ], [ 2.378753910434376, 48.814217368046819 ], [ 2.3785918431976, 48.814332546198969 ], [ 2.378566795246797, 48.814353207960217 ], [ 2.377995076494226, 48.814903355271319 ], [ 2.377994442977375, 48.814904233908102 ], [ 2.377993440841119, 48.814904947372831 ], [ 2.377497734014119, 48.815393048043894 ], [ 2.377134362908767, 48.815746930003819 ], [ 2.377131585438292, 48.815750838265942 ], [ 2.377127347102739, 48.815754125282822 ], [ 2.377123119600879, 48.815758696281016 ], [ 2.376538013862302, 48.815484696993515 ], [ 2.376537756116916, 48.815484576440838 ], [ 2.37596136674957, 48.815215316093784 ], [ 2.375994883317189, 48.8151698058957 ], [ 2.376179658826327, 48.814976249849693 ], [ 2.376780256619559, 48.814353157499497 ], [ 2.377320426081539, 48.813797765974783 ], [ 2.377320458015444, 48.813797717960888 ], [ 2.37732051081797, 48.813797678794124 ], [ 2.377440462464137, 48.813674188560348 ], [ 2.377441243743827, 48.813673012027806 ], [ 2.377442516635294, 48.81367204055632 ], [ 2.377829242043691, 48.813261248723443 ], [ 2.378156057062922, 48.812923111763979 ], [ 2.378406285071296, 48.812678075141164 ] ], [ [ 2.3807980986455, 48.813272371957176 ], [ 2.380912499721266, 48.813184727299195 ], [ 2.380912506905695, 48.813184719635515 ], [ 2.380912517323414, 48.813184713812497 ], [ 2.381120035128891, 48.813025697929383 ], [ 2.381121940233461, 48.813023665274017 ], [ 2.381124640697889, 48.813022073449467 ], [ 2.381288262697047, 48.812889811537261 ], [ 2.38129978324486, 48.812879804712679 ], [ 2.381356242436831, 48.812827033235934 ], [ 2.38136785086611, 48.812815228628075 ], [ 2.381420288830819, 48.812757040008947 ], [ 2.381424417596498, 48.81275020864247 ], [ 2.381430822226861, 48.812744191087226 ], [ 2.381515240341952, 48.812630406084182 ], [ 2.381520481836969, 48.812622910544384 ], [ 2.381566817495749, 48.812552443416024 ], [ 2.381607645647781, 48.812492820461486 ], [ 2.38164918908908, 48.812435681779789 ], [ 2.381686560705935, 48.812387269040144 ], [ 2.381749657706724, 48.812317210116035 ], [ 2.381791667773786, 48.81227628945183 ], [ 2.381833407627302, 48.812241627253364 ], [ 2.381938579274859, 48.812157032477458 ], [ 2.382017616789559, 48.812098422858476 ], [ 2.382097095758183, 48.812045950718684 ], [ 2.382186771728601, 48.811991639620736 ], [ 2.382271029049429, 48.811946537558427 ], [ 2.382542514638643, 48.811808036051247 ], [ 2.382544422387664, 48.811806699735484 ], [ 2.382546834542063, 48.811805785813227 ], [ 2.382573172657101, 48.811791778972342 ], [ 2.383122059542932, 48.81152074404126 ], [ 2.383336516902388, 48.81141600878982 ], [ 2.383494793783979, 48.811338667948881 ], [ 2.383531071860073, 48.811355081337432 ], [ 2.383703440141738, 48.811438759681607 ], [ 2.383767244582265, 48.811461779644809 ], [ 2.383837996857563, 48.811472830200103 ], [ 2.383893974080219, 48.811471515557372 ], [ 2.383950871282433, 48.811496038474381 ], [ 2.383954029083625, 48.811497379093758 ], [ 2.384136731672373, 48.811573773664435 ], [ 2.384223223805401, 48.811610099225568 ], [ 2.384225348316885, 48.811610707944666 ], [ 2.38422710957795, 48.811611701047141 ], [ 2.384373479686251, 48.811670914832213 ], [ 2.38437424046799, 48.81167122147486 ], [ 2.384581730933503, 48.811754545354702 ], [ 2.384786496081735, 48.811838745618978 ], [ 2.384788785335993, 48.81183938449567 ], [ 2.384790692696222, 48.811840436756917 ], [ 2.384955003226328, 48.8119053130943 ], [ 2.385142259647922, 48.811988876200573 ], [ 2.385293148679982, 48.812061847178846 ], [ 2.385377890318639, 48.812106653723085 ], [ 2.385378381642306, 48.812106838661428 ], [ 2.385378764101497, 48.81210711378931 ], [ 2.385508690743744, 48.812175235447896 ], [ 2.385513513752182, 48.812177033584135 ], [ 2.385517420687151, 48.812179626208589 ], [ 2.385805838682997, 48.812318713964949 ], [ 2.385808837828133, 48.812319729146473 ], [ 2.385811272974468, 48.812321267817779 ], [ 2.385898495381516, 48.812361204622015 ], [ 2.386003683975982, 48.812411391664021 ], [ 2.385750042569628, 48.812636606372543 ], [ 2.385457873784841, 48.812891535776366 ], [ 2.385240702885524, 48.813080001507679 ], [ 2.385240140421709, 48.813080491358733 ], [ 2.384964945936439, 48.813321010048746 ], [ 2.384964653897325, 48.813321371620923 ], [ 2.384964208915696, 48.813321657221103 ], [ 2.384794946438585, 48.813470983323036 ], [ 2.384791748820193, 48.813474985531371 ], [ 2.384787079293685, 48.81347829715741 ], [ 2.384649305175396, 48.81361339493867 ], [ 2.384645851530184, 48.813618295048741 ], [ 2.38464064093749, 48.813622462945673 ], [ 2.384459856455176, 48.813824792815424 ], [ 2.384459614036667, 48.813825198317254 ], [ 2.384459196191114, 48.813825535824087 ], [ 2.384152201653949, 48.814172903308268 ], [ 2.38407989151823, 48.814252570015881 ], [ 2.384079318450678, 48.814253509578407 ], [ 2.384078346958454, 48.814254293393937 ], [ 2.38390314754083, 48.814452281531878 ], [ 2.383787427000592, 48.814576847562194 ], [ 2.383786764825085, 48.814577901760615 ], [ 2.383785658358264, 48.814578778461772 ], [ 2.38346552284442, 48.81493328332072 ], [ 2.383465487349344, 48.814933341894339 ], [ 2.383465426235114, 48.814933390385313 ], [ 2.382797398772839, 48.815674284253745 ], [ 2.382635929879209, 48.815819266068019 ], [ 2.382634185863729, 48.815820849995852 ], [ 2.382537807167091, 48.815909391042872 ], [ 2.382530326260285, 48.815916629327099 ], [ 2.382453129322983, 48.815995376167784 ], [ 2.382440694930493, 48.816009412900925 ], [ 2.382037022167303, 48.816516376801673 ], [ 2.382035604577856, 48.816519136626816 ], [ 2.382033079776876, 48.816521526800138 ], [ 2.38167733967761, 48.817005353133183 ], [ 2.381676025717598, 48.817008209219829 ], [ 2.381673562822502, 48.817010712171985 ], [ 2.381441858122401, 48.817354119127984 ], [ 2.381419932647663, 48.817347242754188 ], [ 2.381413365456085, 48.817345253179916 ], [ 2.381056424364827, 48.817240876667299 ], [ 2.3810538585046, 48.817240426315358 ], [ 2.381051601580479, 48.817239502955836 ], [ 2.380116336822798, 48.816980133196466 ], [ 2.380107700813644, 48.81697785194573 ], [ 2.379500749206144, 48.816825406496093 ], [ 2.37949935042908, 48.816825213121611 ], [ 2.379498103292955, 48.816824752277846 ], [ 2.379222438700079, 48.816757666580152 ], [ 2.379217469831683, 48.816756493326835 ], [ 2.378719017206194, 48.816642381123422 ], [ 2.378716441212192, 48.816642077497328 ], [ 2.378714110349889, 48.81664129215212 ], [ 2.378439713054931, 48.816582305642321 ], [ 2.378413871899043, 48.816577664909367 ], [ 2.378343176383626, 48.816567404173767 ], [ 2.37830224420223, 48.816563584445667 ], [ 2.378230101144648, 48.816560511164091 ], [ 2.378163713034041, 48.816563055313885 ], [ 2.378106431768118, 48.816569952440616 ], [ 2.378082381551716, 48.816575524754583 ], [ 2.378057455711619, 48.816579038695451 ], [ 2.37801237695428, 48.816590496154895 ], [ 2.37798083196948, 48.816600079990138 ], [ 2.377953478006873, 48.816609830873929 ], [ 2.37790039471879, 48.816634568595923 ], [ 2.377883935113522, 48.816644376146307 ], [ 2.377867718082216, 48.816654881803579 ], [ 2.377851237004593, 48.816666487999477 ], [ 2.377812869191387, 48.816700939190241 ], [ 2.377799058034114, 48.816717056176564 ], [ 2.377782665644001, 48.816739754682033 ], [ 2.377764367430879, 48.81677044903261 ], [ 2.377751875513511, 48.816788623325841 ], [ 2.377591325305501, 48.81696275549222 ], [ 2.377462462495618, 48.817074099823188 ], [ 2.377459822111843, 48.817077325974886 ], [ 2.377455959308127, 48.817079960573949 ], [ 2.3773760723143, 48.817155092575518 ], [ 2.377368395119361, 48.817162718439249 ], [ 2.377176686348622, 48.817364080603134 ], [ 2.377165795707201, 48.817376609513659 ], [ 2.377077756104254, 48.817488030178154 ], [ 2.377029832300011, 48.817544583985878 ], [ 2.376874311321958, 48.817704678448109 ], [ 2.3768741642133, 48.817704899957441 ], [ 2.376873921379768, 48.817705081031754 ], [ 2.376689428059995, 48.817896113146446 ], [ 2.376683846715727, 48.817901394042551 ], [ 2.375920313145317, 48.817624999977305 ], [ 2.376525737409058, 48.816971368106657 ], [ 2.376527465172173, 48.816968607101273 ], [ 2.376530285540086, 48.816966271302576 ], [ 2.376589032206836, 48.816897890924956 ], [ 2.376808877385284, 48.816659033514398 ], [ 2.377059334943894, 48.816410734311781 ], [ 2.377059905513235, 48.816409913913084 ], [ 2.377060822023195, 48.816409244067572 ], [ 2.377208327565047, 48.816259815814142 ], [ 2.37721522973651, 48.816252441049237 ], [ 2.377284253505728, 48.81617455437965 ], [ 2.377288249413007, 48.816169887172151 ], [ 2.37733607090113, 48.816112035900318 ], [ 2.377348744022295, 48.816106952893136 ], [ 2.377367838823105, 48.816098547276525 ], [ 2.377447284004133, 48.816060287558173 ], [ 2.377495155042226, 48.816030804349744 ], [ 2.377535022474448, 48.815999533558241 ], [ 2.377559111056214, 48.815977440263367 ], [ 2.377588844926004, 48.815945290155099 ], [ 2.377948965815915, 48.815594570610656 ], [ 2.377949740801435, 48.815593811700566 ], [ 2.378445019953481, 48.815106128076877 ], [ 2.379004542042243, 48.814567713006021 ], [ 2.379147144223363, 48.814466367759714 ], [ 2.379414021768013, 48.81429897018694 ], [ 2.379414990044248, 48.814298359841679 ], [ 2.379629047349014, 48.814162764552748 ], [ 2.379631583913776, 48.814161136735322 ], [ 2.379767454538973, 48.814072802760791 ], [ 2.379781368923398, 48.814063056623823 ], [ 2.379866011147808, 48.813999162062416 ], [ 2.380061932835673, 48.813853099005556 ], [ 2.380066266496613, 48.813849787872115 ], [ 2.380180358682038, 48.813760441102211 ], [ 2.38018086026464, 48.813759892881308 ], [ 2.380181589327128, 48.813759470458393 ], [ 2.380292887267422, 48.813671056223754 ], [ 2.380560425925965, 48.813458820225513 ], [ 2.3807980986455, 48.813272371957176 ] ], [ [ 2.393770765205822, 48.817620510508711 ], [ 2.392954497895837, 48.817337772865855 ], [ 2.392807872948164, 48.817274949932035 ], [ 2.392783786035841, 48.817265748577746 ], [ 2.392513656155886, 48.817174384372073 ], [ 2.392338749675319, 48.817112141134729 ], [ 2.392282202673975, 48.817087912519334 ], [ 2.392277672871062, 48.817085458081024 ], [ 2.39227394122415, 48.817082559840351 ], [ 2.392268636846503, 48.817077813567728 ], [ 2.39226593705492, 48.817074309354666 ], [ 2.392247301408895, 48.817043120289775 ], [ 2.392238913471202, 48.817019371813061 ], [ 2.392235659778201, 48.816977325530452 ], [ 2.392239456314177, 48.81696106742956 ], [ 2.392279208825384, 48.816921612301712 ], [ 2.392279343464406, 48.816921418440302 ], [ 2.392279561670137, 48.816921261205181 ], [ 2.39250802062478, 48.816693353975403 ], [ 2.39282325358058, 48.816381344608999 ], [ 2.39282369309987, 48.816380908205197 ], [ 2.393272869881236, 48.81593349837862 ], [ 2.393302129785755, 48.815895031144009 ], [ 2.393320220072487, 48.815861845869875 ], [ 2.39332886745645, 48.815842710196385 ], [ 2.393336828601324, 48.815820700499977 ], [ 2.393361418954991, 48.815831453696042 ], [ 2.39377689252815, 48.816054435426487 ], [ 2.394101010117919, 48.816230190749145 ], [ 2.395187586348574, 48.816821106806657 ], [ 2.3951878782454, 48.816821220222877 ], [ 2.395188103407198, 48.816821387291441 ], [ 2.396083614177998, 48.817305944765529 ], [ 2.396540605420496, 48.817555342593863 ], [ 2.396540773548359, 48.817555408177668 ], [ 2.396540902965645, 48.817555504740369 ], [ 2.397358352502022, 48.818000322973433 ], [ 2.397358720409597, 48.818000522812262 ], [ 2.397542290317569, 48.818100055772327 ], [ 2.396848083790537, 48.818690397138319 ], [ 2.396679352990518, 48.818642280870534 ], [ 2.395929559122851, 48.81839574083277 ], [ 2.395555252092409, 48.818260465542657 ], [ 2.395335014387743, 48.818177407375039 ], [ 2.395334187140557, 48.818177096658708 ], [ 2.395153834220333, 48.818109630487989 ], [ 2.395147241208365, 48.818107242947015 ], [ 2.394169509936656, 48.817764675023746 ], [ 2.393775073653348, 48.817622035551253 ], [ 2.393770765205822, 48.817620510508711 ] ], [ [ 2.398817269655542, 48.817616987812372 ], [ 2.398818314781065, 48.817615779087873 ], [ 2.398819852480771, 48.81761482714866 ], [ 2.39910180445725, 48.817375211035205 ], [ 2.399101999668503, 48.817374977017607 ], [ 2.399102294016965, 48.817374793719189 ], [ 2.399839420903348, 48.816744525476288 ], [ 2.402023719351227, 48.814881685658627 ], [ 2.402046735507718, 48.814885277160357 ], [ 2.402110707110965, 48.814888295218459 ], [ 2.402176332191485, 48.814886143641502 ], [ 2.402244512778243, 48.814878390110756 ], [ 2.402296615484278, 48.814868869521554 ], [ 2.402362175587787, 48.814852109021473 ], [ 2.402373345458244, 48.814847822231016 ], [ 2.402385661973336, 48.814845247210748 ], [ 2.402409991450185, 48.814833758162223 ], [ 2.402435851337299, 48.814823833593906 ], [ 2.402444468666677, 48.814817477054426 ], [ 2.402454977476218, 48.814812514496019 ], [ 2.402486534831335, 48.814791986462986 ], [ 2.402502759525449, 48.814780466525633 ], [ 2.40253848453111, 48.814752764263517 ], [ 2.402558315100712, 48.814732071575634 ], [ 2.404103311275073, 48.814742670516509 ], [ 2.403946441088759, 48.815089592139081 ], [ 2.403944493885087, 48.815094113005223 ], [ 2.40387724794399, 48.815258364255229 ], [ 2.403877034291979, 48.815258889255645 ], [ 2.403807385075225, 48.815431073165996 ], [ 2.403717128983845, 48.815643881205588 ], [ 2.403688041862794, 48.815710543086212 ], [ 2.403687921595054, 48.815711183036214 ], [ 2.403687514046374, 48.815711769042792 ], [ 2.403591712591031, 48.815937320300819 ], [ 2.403552624495002, 48.816012107284742 ], [ 2.403502848555969, 48.816084210996038 ], [ 2.403362274478361, 48.816262215219822 ], [ 2.403126724580615, 48.816519705966499 ], [ 2.403126139867434, 48.81652034815896 ], [ 2.402960623445007, 48.816702995054868 ], [ 2.402958189890333, 48.816705735085669 ], [ 2.402892616788852, 48.816781082973606 ], [ 2.402749815155361, 48.816941490376827 ], [ 2.402744702045468, 48.816947494086016 ], [ 2.402667089710189, 48.817042853301778 ], [ 2.402528948009368, 48.817205711804867 ], [ 2.40242695479942, 48.81730968882615 ], [ 2.402378709812105, 48.817355925505041 ], [ 2.40230593094605, 48.817417437171528 ], [ 2.402252219576959, 48.817457926544023 ], [ 2.402131147718662, 48.81754579067109 ], [ 2.402022118100251, 48.817612723332275 ], [ 2.401882104595435, 48.817690892807683 ], [ 2.401724863574966, 48.817778032383465 ], [ 2.401672277906608, 48.817807224923875 ], [ 2.401577301956831, 48.817856172781987 ], [ 2.401425951731582, 48.817915740122089 ], [ 2.401186504657093, 48.817996344216496 ], [ 2.401174594417632, 48.818000603101289 ], [ 2.400656194966329, 48.818197132341851 ], [ 2.400457910575512, 48.81827026220688 ], [ 2.400457334732675, 48.818270561267198 ], [ 2.400456648483599, 48.818270730591273 ], [ 2.400453844461915, 48.818272202838394 ], [ 2.40045052252402, 48.818273088222206 ], [ 2.400046974765801, 48.818433078622149 ], [ 2.399463125055479, 48.818646223578853 ], [ 2.399462325361346, 48.818646635201027 ], [ 2.399461374759178, 48.818646868112275 ], [ 2.399322892421915, 48.818698304996929 ], [ 2.399308876975866, 48.818684833244625 ], [ 2.399304100267452, 48.818681508030664 ], [ 2.399300800769359, 48.81867747570341 ], [ 2.39907155525234, 48.818479360123817 ], [ 2.399043571038543, 48.818458694606349 ], [ 2.398851577804154, 48.818337212891109 ], [ 2.398842453939111, 48.818331696739797 ], [ 2.398608400107586, 48.818196512473669 ], [ 2.398598101409976, 48.81819085323864 ], [ 2.398353071124109, 48.818062808264521 ], [ 2.398345150052823, 48.818058822262962 ], [ 2.398306682781711, 48.818040189028167 ], [ 2.398776313115642, 48.817650716071775 ], [ 2.398817269655542, 48.817616987812372 ] ], [ [ 2.396067185297031, 48.819903670410199 ], [ 2.396247067580655, 48.819751842273412 ], [ 2.39690611551077, 48.819223600634423 ], [ 2.396909454826328, 48.819220870211595 ], [ 2.397030164251456, 48.819120176583759 ], [ 2.397088461848931, 48.819137822328102 ], [ 2.397211336755813, 48.819184677180878 ], [ 2.397293341988208, 48.819220432116659 ], [ 2.397358810603532, 48.819258349536739 ], [ 2.397434779091718, 48.819311676550136 ], [ 2.397511643943372, 48.819367443235485 ], [ 2.397535123686169, 48.819386053510634 ], [ 2.397529332781023, 48.819388265556249 ], [ 2.397433554778014, 48.819426456149586 ], [ 2.397433217768803, 48.819426590748314 ], [ 2.397315545676185, 48.819473664682945 ], [ 2.397308521501479, 48.81947657204946 ], [ 2.397188073445408, 48.819528128750505 ], [ 2.397172600253838, 48.819535266524056 ], [ 2.397045207343722, 48.81959847996697 ], [ 2.397042280790389, 48.819599952671823 ], [ 2.396895686014838, 48.819674761024153 ], [ 2.396890268678367, 48.819677598770596 ], [ 2.396819003543899, 48.81971591250332 ], [ 2.396815430246151, 48.81971854703157 ], [ 2.396810907277146, 48.819720441208311 ], [ 2.39668064402851, 48.819796231052322 ], [ 2.396671827812904, 48.819801592562918 ], [ 2.396437054048159, 48.819950803226 ], [ 2.395963050015991, 48.820213336279032 ], [ 2.395961785954043, 48.82021404071768 ], [ 2.395814081413544, 48.820296861892267 ], [ 2.395395055112309, 48.820524029141716 ], [ 2.395392249499236, 48.82052611476837 ], [ 2.395388672531874, 48.820527599034619 ], [ 2.395317406637959, 48.820568716710973 ], [ 2.395336992862203, 48.820548627395624 ], [ 2.395398294204523, 48.820496035416376 ], [ 2.39547481632545, 48.820431198719959 ], [ 2.395478706141577, 48.820427821485204 ], [ 2.395899813273264, 48.820053110934694 ], [ 2.395899837449357, 48.8200530803703 ], [ 2.395899874731235, 48.820053056225866 ], [ 2.395937031258633, 48.82001996700231 ], [ 2.395937291396266, 48.820019734951195 ], [ 2.396067185297031, 48.819903670410199 ] ], [ [ 2.398651485187285, 48.81870882710011 ], [ 2.398848616775421, 48.818879190811117 ], [ 2.398539176100871, 48.819005577746239 ], [ 2.398018313078089, 48.819207027006513 ], [ 2.397926362740552, 48.819134146805425 ], [ 2.397918529426962, 48.819128207472048 ], [ 2.397836141037795, 48.81906843369665 ], [ 2.397833097326311, 48.819066261610537 ], [ 2.397746633930731, 48.819005567870001 ], [ 2.39772784389637, 48.818993585148164 ], [ 2.39763855313042, 48.818941870856804 ], [ 2.397609030739278, 48.818926995836833 ], [ 2.397504687008773, 48.818881501246857 ], [ 2.397490814107428, 48.818875838915851 ], [ 2.397372702640119, 48.818830800558274 ], [ 2.397969715302176, 48.81832310672727 ], [ 2.39801893644331, 48.818346949123018 ], [ 2.398254807088088, 48.818470207951975 ], [ 2.398479160463679, 48.818599789934026 ], [ 2.398651485187285, 48.81870882710011] ] ] } }
]
}
